,发布日期,发布时间,新闻标题,新闻来源,关键词,风险类型
0,20200112,2020-01-12 00:04:00,重磅！国开行原董事长胡怀邦被开除党籍！与不法商人沆瀣一气，大肆收取财物，事涉五宗罪！金融反腐在继续加码,券商中国,,
1,20200112,2020-01-12 00:26:00,大搞权钱交易！国开行原董事长胡怀邦被开除党籍,每日经济新闻,,
2,20200112,2020-01-12 22:44:00,国开行原董事长被开除党籍！与不法商人沆瀣一气，大肆收取财物，事涉五宗罪！,新财富,,
3,20200111,2020-01-11 14:21:00,涉王三运案的中管干部胡怀邦被开除党籍，两人违纪有一共同点,澎湃新闻,,
4,20200111,2020-01-11 14:37:00,国开行原董事长胡怀邦被开除党籍 曾涉王三运、叶简明案,新京报网,,
5,20200110,2020-01-10 17:21:56,国开证券股份有限公司关于上海华信国际集团有限公司2015年公司债券临时受托管理事务报告（上海华信进入破产清算程序后债权申报及相关事宜）,上海交易所,,
6,20200110,2020-01-10 17:29:36,上海华信国际集团有限公司2017年度第四期超短期融资券第四次持有人会议决议的公告,上海清算所,,
7,20200106,2020-01-06 15:51:55,关于召开上海华信国际集团有限公司2017年度第二期超短期融资券第三次持有人会议的补充公告,北京金融资产交易所,,
8,20200102,2020-01-02 11:47:17,关于召开17沪华信SCP003和17沪华信SCP005第五次持有人会议的公告,上海清算所,,
9,20200102,2020-01-02 13:46:29,主承销商关于上海华信国际集团有限公司17沪华信SCP003及17沪华信SCP005违约后续进展情况的公告(2019年12月),上海清算所,上海华信国际集团有限公司、17沪华信SCP003、、17沪华信SCP005、违约后续进展情况,信用风险
10,20200102,2020-01-02 10:34:34,国家开发银行关于上海华信国际集团有限公司2015年度第一期中期票据违约后续进展情况的公告(2019年12月),北京金融资产交易所,上海华信国际集团有限公司、中期票据违约、后续进展,信用风险
11,20200102,2020-01-02 11:48:00,盘点那些爆雷的债权人会议,搜狐财经,,
12,20191231,2019-12-31 14:25:56,中国建设银行股份有限公司关于上海华信国际集团有限公司2017年度第二期超短期融资券违约后续进展公告,上海清算所,上海华信国际集团有限公司、超短期融资券、违约后续进展,信用风险
13,20191231,2019-12-31 14:55:32,关于召开上海华信国际集团有限公司2017年度第二期超短期融资券第三次持有人会议的公告,上海清算所,,
14,20191231,2019-12-31 17:59:23,关于上海华信国际集团有限公司“17沪华信MTN001”及“17沪华信MTN002”2019年度第四次持有人会议决议的公告,中国货币网,,
15,20191231,2019-12-31 17:51:39,主承销商关于上海华信国际集团有限公司“17沪华信MTN001”及“17沪华信MTN002”违约后续进展公告(2019年12月),中国货币网,上海华信国际集团有限公司、“17沪华信MTN001”、“17沪华信MTN002”、违约后续进展,信用风险
16,20191231,2019-12-31 18:14:18,中信建投证券股份有限公司关于召开“16申信01”2020年第一次债券持有人会议的通知,上海交易所,,
17,20191231,2019-12-31 18:14:37,中信建投证券股份有限公司关于召开“17华信Y1”2020年第一次债券持有人会议的通知,上海交易所,,
18,20191231,2019-12-31 18:14:47,中信建投证券股份有限公司关于召开“17华信Y2”2020年第一次债券持有人会议的通知,上海交易所,,
19,20191227,2019-12-27 14:10:43,主承销商关于上海华信国际集团有限公司2017年度第四期超短期融资券违约后续进展的公告(2019年12月),中国货币网,上海华信国际集团有限公司、超短期融资券、违约后续进展,信用风险
20,20191227,2019-12-27 14:12:00,贵州银行年底港股上市 与第3大股东关联交易暗藏风险,新浪财经,,
21,20191220,2019-12-20 13:56:13,关于召开上海华信国际集团有限公司2017年度第四期超短期融资券第四次持有人会议的公告,中国货币网,,
22,20191218,2019-12-18 16:33:31,国开证券股份有限公司关于上海华信国际集团有限公司2015年公司债券临时受托管理事务报告,上海交易所,,
23,20191216,2019-12-16 00:23:00,2019信用债违约破1300亿，近九成为民企！,搜狐财经,,
24,20191216,2019-12-16 15:14:02,上海华信国际集团有限公司关于近期诉讼事项的公告,上海交易所,上海华信国际集团有限公司、近期诉讼,法律风险
25,20191213,2019-12-13 08:35:00,华信证券接盘方现身，宁波国资委旗下甬兴证券接手旗下资产？,界面,,
26,20191213,2019-12-13 00:01:00,独家重磅！华信证券接盘方现身，甬兴证券接手旗下资产！时隔12年，再现摘牌券商出让，接盘方有何来头？,券商中国,,
27,20191212,2019-12-12 16:29:21,国开证券股份有限公司关于上海华信国际集团有限公司2015年公司债券临时受托管理事务报告,上海交易所,,
28,20191211,2019-12-11 00:00:00,"送达裁判文书——上海华信国际集团有限公司,华信国合控股有限公司,中国华信能源有限公司",上海市高级人民法院,,
29,20191211,2019-12-11 15:29:27,关于召开上海华信国际集团有限公司“17沪华信MTN001”及“17沪华信MTN002”2019年度第四次持有人会议的公告,中国货币网,,
30,20191210,2019-12-10 17:36:08,上海华信国际集团有限公司关于法院裁定受理公司破产清算等事项的公告,上海清算所,上海华信国际集团有限公司、破产清算,经营风险
31,20191210,2019-12-10 14:26:42,关于上海华信国际集团有限公司公司债券的临时受托管理事务报告,上海交易所,,
32,20191210,2019-12-10 17:34:09,上海华信国际集团有限公司关于近期诉讼事项的公告,上海清算所,上海华信国际集团有限公司、近期诉讼,法律风险
33,20191210,2019-12-10 13:47:00,上海华信破产清算 债券违约累计超265亿,电缆网,上海华信、破产清算、债券违约,经营风险、信用风险
34,20191209,2019-12-09 20:08:00,法院已裁定受理上海华信破产清算案 公司债券违约额超265亿,每经网,上海华信、破产清算、债券违约,经营风险、信用风险
35,20191209,2019-12-09 08:33:00,上海法院裁定受理上海华信国际集团破产清算案,新浪财经,上海华信国际集团破产清算,经营风险
36,20191206,2019-12-06 16:23:00,（2019）沪03破305号受理破产清算申请、债权申报、一债会的公告,全国企业破产重整案件信息网,,
37,20191205,2019-12-05 15:51:14,中国建设银行股份有限公司关于上海华信国际集团有限公司2017年度第二期超短期融资券违约后续进展公告,上海清算所,上海华信国际集团有限公司、超短期融资券违约,信用风险
38,20191202,2019-12-02 15:32:53,主承销商关于上海华信国际集团有限公司2017年度第四期超短期融资券违约后续进展的公告(2019年11月),中国货币网,上海华信国际集团有限公司、超短期融资券违约,信用风险
39,20191129,2019-11-29 16:43:46,主承销商关于上海华信国际集团有限公司2017年度第五期超短期融资券违约后续进展情况的公告(2019年11月),北京金融资产交易所,上海华信国际集团有限公司、超短期融资券违约,信用风险
40,20191129,2019-11-29 16:43:29,主承销商关于上海华信国际集团有限公司2017年度第三期超短期融资券违约后续进展情况的公告(2019年11月),北京金融资产交易所,上海华信国际集团有限公司、超短期融资券违约,信用风险
41,20191129,2019-11-29 14:23:18,主承销商关于上海华信国际集团有限公司2017年度第一期中期票据及2017年度第二期中期票据违约后续进展公告(2019年11月),上海清算所,上海华信国际集团有限公司、票据违约,信用风险
42,20191129,2019-11-29 17:18:25,国家开发银行关于上海华信国际集团有限公司2015年度第一期中期票据违约后续进展情况的公告(2019年11月),上海清算所,上海华信国际集团有限公司、票据违约,信用风险
43,20191128,2019-11-28 14:24:00,华信证券存量资管产品进入清算  与“大生系”多起官司“相爱相杀”,投资时报,,
44,20191127,2019-11-27 11:36:00,券商违规频发：浙商证券员工违法买卖股票2200万元；华信、德邦证券收监管罚单,新浪微博,,
45,20191126,2019-11-26 18:17:46,国开证券股份有限公司关于上海华信国际集团有限公司2015年公司债券临时受托管理事务报告,上海交易所,,
46,20191123,2019-11-23 04:10:00,华信金融落幕,新浪财经,华信金融落幕,经营风险
47,20191121,2019-11-21 10:12:00,退市、业务撤销、股东变更！华信金融系解体,中国经营网,退市、业务撤销、股东变更、华信金融系解体,市场风险
48,20191121,2019-11-21 06:00:00,年内153只债券违约规模超千亿：风控趋严 主承券商收缩业务“过冬”,21财经,,
49,20191121,2019-11-21 17:44:00,从上榜胡润富豪到“被执行人”需要多久？,不良资产头条,,
50,20191121,2019-11-21 12:10:52,关于上海华信国际集团有限公司公司债券的临时受托管理事务报告,上海交易所,,
51,20191119,2019-11-19 10:22:00,姜兆华：同是托管，华信证券有什么不同,腾讯财经,,
52,20191119,2019-11-19 17:31:00,华信证券3宗违法遭撤销业务许可 多方式为股东方融资,中国经济网,,
53,20191119,2019-11-19 13:55:00,突发！证监会取消华信证券全部业务资格！立刻对其行政清理！,直通投行,证监会取消华信证券全部业务资格,子公司风险
54,20191119,2019-11-19 22:30:00,2800亿大崩溃：百亿券商被撤全部业务，背后有个中国最神秘的金融帝国,私募工厂,,
55,20191118,2019-11-18 18:32:00,姜兆华：华信证券破产或成定局,腾讯财经,华信证券破产或成定局,子公司风险
56,20191118,2019-11-18 06:33:00,【财富周报】瑞银被罚4亿港元，教育养老保险争夺理财市场,新浪财经,,
57,20191118,2019-11-18 13:37:00,华信证券违规投信托遭暂停资管业务 母公司违法调6亿,中国经济网,,
58,20191117,2019-11-17 22:42:05,存三大违法事实 华信证券被撤销全部业务许可,网易,华信证券被撤销全部业务许可,子公司风险
59,20191117,2019-11-17 16:28:00,华信证券被撤销全部业务许可 券商行业须警钟长鸣,腾讯财经,,
60,20191117,2019-11-17 11:02:00,大佬清算季,科技金融在线,,
61,20191116,2019-11-16 07:38:00,证监会依法对华信证券实施风险处置 撤销华信证券全部业务许可,上海证券报,华信证券被撤销全部业务许可,子公司风险
62,20191116,2019-11-16 09:42:00,2800亿“华信系”崩塌！叶简明被查20个月后，华信证券遭“极刑”,券业观察,,
63,20191116,2019-11-16 07:33:00,证监会依法对华信证券实施风险处置,中国证券报,,
64,20191116,2019-11-16 07:39:00,风险处置启动！华信证券全部业务许可遭撤销,证券时报,华信证券被撤销全部业务许可,子公司风险
65,20191116,2019-11-16 07:39:00,今日视点：监管层三个月五度发声法治供给 夯实资本市场深改制度基石,证券日报,,
66,20191116,2019-11-16 07:39:00,证监会撤销华信证券全部业务许可 当前证券业整体运行规范有较强抗风险能力,证券日报,华信证券被撤销全部业务许可,子公司风险
67,20191115,2019-11-15 20:07:00,证监会撤销华信证券全部业务许可，大股东破产申请已被受理,搜狐财经,华信证券被撤销全部业务许可,子公司风险
68,20191115,2019-11-15 21:51:00,罕见重磅！华信证券被撤销全部业务许可！咋回事？,凤凰财知道,华信证券被撤销全部业务许可,子公司风险
69,20191115,2019-11-15 22:07:00,突发！证监会：撤销华信证券全部业务许可！七大关键点……,企业上市法商研究院,华信证券被撤销全部业务许可,子公司风险
70,20191115,2019-11-15 19:37:00,全业务遭撤销！这家券商糊弄监管1年半，证监会铁腕制裁,经济观察报,,
71,20191115,2019-11-15 21:04:00,洞察|突发消息！华信证券违法违规被撤销全部业务许可 去年巨额亏损逾90亿元分类评级连降5级,和讯网,华信证券被撤销全部业务许可,子公司风险
72,20191115,2019-11-15 20:43:00,重磅突发：华信证券被撤销全部业务许可！昔日贵族陨落，七大关键点,21财闻汇,,
73,20191115,2019-11-15 00:00:00,（2019）沪03破申439号,全国企业破产重整案件信息网,,
74,20191115,2019-11-15 22:20:00,华信证券被撤销全部业务许可 多次违法为股东融资,证券之星,,
75,20191115,2019-11-15 09:42:35,国开证券股份有限公司关于上海华信国际集团有限公司2015年公司债券临时受托管理事务报告,上海交易所,,
76,20191115,2019-11-15 21:45:00,"重磅突发! 百亿券商出大事, 被证监会撤销全部业务许可! 影响有多大?看10问10答",全景财经,,
77,20191115,2019-11-15 17:08:00,（2019）沪03破305号关于上海华信国际集团有限公司破产清算案竞争方式指定管理人的公告,全国企业破产重整案件信息网,,
78,20191115,2019-11-15 17:20:00,证监会决定于11月15日撤销华信证券的全部业务许可,金融界,,
79,20191115,2019-11-15 17:26:00,证监会依法对上海华信证券有限责任公司实施风险处置,每经网,,
80,20191115,2019-11-15 18:00:00,存“三宗罪”！证监会撤销华信证券全部业务许可：多项业务违法违规,互联网金融新闻中心,,
81,20191115,2019-11-15 17:40:00,证监会对华信证券实施风险处置：撤销全部业务许可,搜狐网,,
82,20191115,2019-11-15 00:00:00,（2019）沪03破305号受理债权人申请的破产裁定书,全国企业破产重整案件信息网,,
83,20191115,2019-11-15 17:37:00,（2019）沪03破305号关于上海华信国际集团有限公司破产清算案竞争方式指定管理人的公告,全国企业破产重整案件信息网,,
84,20191115,2019-11-15 18:24:00,首家！华信证券被撤销全部业务许可！国泰君安托管相关业务，影响多大？看九大解读,财联社,,
85,20191115,2019-11-15 18:22:00,证监会有关部门负责人就华信证券风险处置相关事宜答记者问,证监会发布,,
86,20191115,2019-11-15 18:47:00,重磅突发！证监会取消华信证券全部业务资格！立刻对其行政清理！！,IPO头条,,
87,20191115,2019-11-15 18:52:00,华信证券，一曲凉凉！,券业行家,,
88,20191115,2019-11-15 18:51:00,重磅！证监会：11月15日撤销华信证券全部业务许可并进行行政清理,资管视野,,
89,20191115,2019-11-15 18:18:00,关于对上海华信国际集团有限公司采取限制股东权利措施的决定,证监会,,
90,20191115,2019-11-15 18:24:00,重罚！撤销华信证券全部业务许可 证券经纪等业务由国泰君安托管,证券日报网,,
91,20191115,2019-11-15 00:00:00,（2019）沪03破305号,全国企业破产重整案件信息网,,
92,20191115,2019-11-15 19:10:00,券业重磅突发！华信证券被撤销全部业务许可，国泰君安托管相关业务！客户交易不受影响…看七大关键点,券商中国,,
93,20191115,2019-11-15 18:36:00,华信证券全部业务许可被撤销：存在三项违法事实，相关上市公司已退市,搜狐财经,,
94,20191115,2019-11-15 18:59:00,刚刚！证监会宣布：撤销华信证券全部业务许可，由国泰君安托管！影响有多大？看10问10答,中国基金报,,
95,20191115,2019-11-15 18:36:00,华信证券迎监管终局！撤销全部业务许可，进行行政清理，国泰君安托管部分业务,界面,,
96,20191115,2019-11-15 20:27:00,百亿券商出大事！华信证券被撤销全部业务许可，由国泰君安托管！影响多大？看10问10答,21世纪经济报道,,
97,20191115,2019-11-15 20:48:00,突发！华信证券被撤销全部业务许可，由国泰君安托管，客户权益不受影响，不涉及其他同业机构,中国证券报,,
98,20191115,2019-11-15 21:46:00,全部业务许可被撤销！这家券商犯啥大事了？,人民号,,
99,20191115,2019-11-15 22:02:00,证监会对一券商实施风险处置 撤销其全部业务许可,中国新闻网,,
100,20191115,2019-11-15 21:54:29,(2019-11-15)关于对上海华信国际集团有限公司采取限制股东权利措施的决定,中国证券监督管理委员会,,
101,20191113,2019-11-13 09:52:06,关于上海华信国际集团有限公司公司债券的临时受托管理事务报告,上海交易所,,
102,20191113,2019-11-13 09:52:22,上海华信国际集团有限公司关于近期诉讼事项的公告,上海交易所,,
103,20191108,2019-11-08 19:27:00,告广州农村商业银行股份有限公司与被告上海华信国际集团有限公司金融借款合同纠纷一案,新华网广东频道,,
104,20191106,2019-11-06 18:37:00,频收罚单、侵权、涉嫌行贿，中泰证券“带病”闯关IPO,百家号,,
105,20191106,2019-11-06 09:59:43,关于上海华信国际集团有限公司“17沪华信MTN001”及“17沪华信MTN002”2019年度第三次持有人会议决议的公告,上海清算所,,
106,20191105,2019-11-05 19:42:00,盘点|除了罗永浩，2019年被限制消费的大佬们还有谁？,前瞻网,,
107,20191105,2019-11-05 16:26:46,主承销商关于上海华信国际集团有限公司2017年度第一期中期票据及2017年度第二期中期票据违约后续进展公告(2019年10月),上海清算所,,
108,20191031,2019-10-31 11:39:00,A+B股第一家！27年老牌上市公司将面值退市，还有债务、资金链危机,大河报,,
109,20191031,2019-10-31 11:49:01,国家开发银行关于上海华信国际集团有限公司2015年度第一期中期票据违约后续进展情况的公告(2019年10月),上海清算所,,
110,20191031,2019-10-31 20:16:00,最后一天华信退涨了，涨幅8.33%！华信退明日摘牌,新京报网,,
111,20191031,2019-10-31 16:54:05,国开证券股份有限公司关于上海华信国际集团有限公司2015年公司债券临时受托管理事务报告,巨潮资讯网,,
112,20191031,2019-10-31 18:37:00,华信退股票终止上市 华信退资料及领导层简介,华北强投资网,,
113,20191031,2019-10-31 17:11:03,主承销商关于上海华信国际集团有限公司2017年度第三期超短期融资券违约后续进展情况的公告(2019年10月),上海清算所,,
114,20191031,2019-10-31 17:12:00,主承销商关于上海华信国际集团有限公司2017年度第五期超短期融资券违约后续进展情况的公告(2019年10月),上海清算所,,
115,20191030,2019-10-30 14:20:00,6万股民被套！面值退市A+B股第一家！更有欠薪、财务造假…,股吧,,
116,20191029,2019-10-29 12:00:05,中国建设银行股份有限公司关于上海华信国际集团有限公司2017年度第二期超短期融资券违约后续进展公告,中国货币网,,
117,20191028,2019-10-28 10:40:00,中泰证券一口气披露18件重大诉讼事项 标的额超28亿元,金融界,,
118,20191028,2019-10-28 18:36:12,关于上海华信国际集团有限公司公司债券的临时受托管理事务报告,上海交易所,,
119,20191028,2019-10-28 16:35:49,主承销商关于上海华信国际集团有限公司2017年度第四期超短期融资券违约后续进展的公告(2019年10月),上海清算所,,
120,20191028,2019-10-28 19:04:33,(2019-10-28)关于上海华信国际集团有限公司公司债券的临时受托管理事务报告,上海交易所,,
121,20191027,2019-10-27 20:03:00,这家券商一口气披露18件重大诉讼事项，标的额超28亿元，还“踩雷”华信债！,N十财经,,
122,20191023,2019-10-23 17:36:00,信托业热点汇总！,上海信托圈,,
123,20191018,2019-10-18 14:36:15,国开证券股份有限公司关于上海华信国际集团有限公司2015年公司债券临时受托管理事务报告,上海交易所,,
124,20191018,2019-10-18 16:21:38,上海华信国际集团有限公司关于预计无法按期披露2019年第三季度报告的风险提示公告,上海清算所,上海华信国际集团有限公司、预计、无法按期披露、第三季度报告的风险提示公告,信用风险
125,20191016,2019-10-16 15:33:43,关于召开上海华信国际集团有限公司“17沪华信MTN001”及“17沪华信MTN002”2019年度第三次持有人会议的公告,上海清算所,,
126,20191016,2019-10-16 19:06:09,关于上海华信国际集团有限公司公司债券的临时受托管理事务报告,上海交易所,,
127,20191011,2019-10-11 18:40:00,中粮资本借壳中原特钢：旗下信托曲线上市牵出超23亿未决诉讼,华夏时报,,
128,20191011,2019-10-11 18:14:00,罕见！工会搞对外投资，马鞍山农商行请农民任董事,洞察IPO,,
129,20191010,2019-10-10 12:28:00,深交所：对安徽华信国际控股股份有限公司及相关当事人给予公开谴责处分,搜狐财经,,
130,20191009,2019-10-09 20:08:34,关于对安徽华信国际控股股份有限公司及相关当事人给予公开谴责处分的公告,巨潮资讯网,,
131,20191008,2019-10-08 18:13:43,关于上海华信国际集团有限公司公司债券的临时受托管理事务报告,上海交易所,,
132,20191008,2019-10-08 20:33:00,中原特钢更名为中粮资本，又一家曲线上市的信托公司来了,国际金融报,,
133,20190930,2019-09-30 15:35:28,主承销商关于上海华信国际集团有限公司2017年度第五期超短期融资券违约后续进展情况的公告(2019年9月),上海清算所,,
134,20190930,2019-09-30 15:36:00,主承销商关于上海华信国际集团有限公司2017年度第三期超短期融资券违约后续进展情况的公告(2019年9月),上海清算所,,
135,20190929,2019-09-29 11:36:14,主承销商关于上海华信国际集团有限公司2017年度第一期中期票据及2017年度第二期中期票据违约后续进展的公告,中国货币网,,
136,20190929,2019-09-29 09:49:29,国家开发银行关于上海华信国际集团有限公司2015年度第一期中期票据违约后续进展情况的公告(2019年9月),中国货币网,,
137,20190927,2019-09-27 16:09:22,上海华信国际集团有限公司关于近期诉讼事项的公告,中国货币网,,
138,20190926,2019-09-26 15:34:10,主承销商关于上海华信国际集团有限公司2017年度第四期超短期融资券违约后续进展的公告(2019年9月),上海清算所,,
139,20190926,2019-09-26 16:17:36,中国建设银行股份有限公司关于上海华信国际集团有限公司2017年度第二期超短期融资券违约后续进展公告(2019年9月),上海清算所,,
140,20190926,2019-09-26 18:14:55,上海华信国际集团有限公司2017年度第二期中期票据到期付息存在不确定性的特别风险提示公告,中国货币网,,
141,20190926,2019-09-26 18:14:13,主承销商关于上海华信国际集团有限公司2017年度第二期中期票据未按期足额付息的公告,中国货币网,,
142,20190926,2019-09-26 16:59:00,红土日报—2019年09月26日,红土资产,,
143,20190926,2019-09-26 18:16:10,上海华信国际集团有限公司2017年度第二期中期票据未按期支付利息的公告,上海清算所,,
144,20190926,2019-09-26 18:18:00,上海华信国际集团有限公司未能筹集到期付息资金，“17沪华信MTN002”不能按期支付利息，已构成实质性违约,财联社,,
145,20190926,2019-09-26 18:58:15,"关于未收到""17沪华信MTN002""付息资金的通知(清算所发〔2019〕161号)",上海清算所,,
146,20190925,2019-09-25 23:09:00,银行大股东股权被拍卖，给他们的贷款怎么办？,票友—票据圈儿那些事,,
147,20190925,2019-09-25 08:53:04,中原银行股价破发天数占比高达77.09% 信用卡不良率半年暴涨近3倍,中国网河南频道,,
148,20190920,2019-09-20 18:52:00,【中金固收·信用】中国信用策略双周报：隐性债务置换提速对城投债影响如何？ 20190920,中金固定收益研究,,
149,20190912,2019-09-12 18:14:03,关于上海华信国际集团有限公司公司债券的临时受托管理事务报告,上海交易所,,
150,20190911,2019-09-11 23:50:00,负债率高达256.03%！华信国际退市倒计时再爆新料！控股股东登上“老赖”名单,百家号,华信国际退市倒计时再爆新料！控股股东登上“老赖”名单,信用风险
151,20190911,2019-09-11 07:11:00,承销资管频中招 多家券商踩雷债券违约,宋清辉,,
152,20190910,2019-09-10 10:55:00,上海华信20亿债务违约 天弘基金讨5250万本息获支持,新浪网,,
153,20190910,2019-09-10 00:00:00,上海华信被列入失信被执行人 天弘基金对其追讨5千万,潮起,,
154,20190906,2019-09-06 19:16:16,*ST华信：公司及控股股东被列入失信被执行人名单,财汇资讯,上海华信被列入失信被执行人,信用风险
155,20190906,2019-09-06 19:30:00,*ST华信及控股股东被列入失信被执行人名单,百家号,,
156,20190906,2019-09-06 18:13:00,*ST华信(002018.SZ)及控股股东被列入失信被执行人名单,和讯网,,
157,20190906,2019-09-06 19:19:00,华信国际及控股股东成“老赖”，实控人苏卫忠被限制消费,新京报网,华信国际及控股股东成“老赖”，实控人苏卫忠被限制消费,信用风险
158,20190906,2019-09-06 18:30:08,*ST华信：关于公司及控股股东被列入失信被执行人名单等相关公告,巨潮资讯网,,
159,20190906,2019-09-06 18:06:00,*ST华信：公司及公司控股股东上海华信国际集团有限公司被列入失信被执行人名单,财联社,,
160,20190905,2019-09-05 09:41:00,议市厅丨第三只“面值退市”股尘埃落定，*ST华信被终止上市！近8万股东踩雷或血本无归,新浪财经,,
161,20190902,2019-09-02 09:52:30,主承销商关于上海华信国际集团有限公司2017年度第一期中期票据及2017年度第二期中期票据违约后续进展公告(2019年8月),中国货币网,,
162,20190831,2019-08-31 18:31:30,上海华信国际集团有限公司关于近期诉讼事项的公告,上海交易所,,
163,20190831,2019-08-31 18:29:29,关于上海华信国际集团有限公司公司债券的临时受托管理事务报告,上海交易所,,
164,20190830,2019-08-30 11:54:23,主承销商关于上海华信国际集团有限公司2017年度第四期超短期融资券违约后续进展的公告(2019年8月),上海清算所,,
165,20190830,2019-08-30 17:36:29,主承销商关于上海华信国际集团有限公司2017年度第三期超短期融资券违约后续进展情况的公告(2019年8月),上海清算所,,
166,20190830,2019-08-30 15:27:30,中国建设银行股份有限公司关于上海华信国际集团有限公司2017年度第二期超短期融资券违约后续进展公告(2019年8月),上海清算所,,
167,20190830,2019-08-30 17:33:00,华信国际上半年亏损近5000万，业务总量大幅萎缩,新京报网,华信国际上半年亏损近5000万，业务总量大幅萎缩,经营风险
168,20190830,2019-08-30 17:36:39,主承销商关于上海华信国际集团有限公司2017年度第五期超短期融资券违约后续进展情况的公告(2019年8月),上海清算所,,
169,20190828,2019-08-28 15:33:00,藏在长江证券扣分项里的秘密 举报事件发酵未有结果,金融界,,
170,20190827,2019-08-27 09:54:14,国家开发银行关于上海华信国际集团有限公司2015年度第一期中期票据违约后续进展情况的公告(2019年8月),上海清算所,,
171,20190827,2019-08-27 00:00:00,凤凰金融再现逾期：涉华信、三胞集团风波，基金代销主体存疑,格隆汇,,
172,20190826,2019-08-26 09:57:00,ST华信临退市 凤凰金融兑付再生波折,深度观点财经,,
173,20190820,2019-08-20 10:29:15,国开证券股份有限公司关于上海华信国际集团有限公司2015年公司债券临时受托管理事务报告,上海交易所,,
174,20190820,2019-08-20 18:56:00,关于上海华信国际集团有限公司公司债券的临时受托管理事务报告（以此为准）,上海交易所,,
175,20190819,2019-08-19 18:00:46,*ST华信：控股股东所持股份新增轮候冻结,财汇资讯,,
176,20190819,2019-08-19 22:24:00,昆仑健康80后董事长履新，长安责任增资收关，那些曾经的违规股权清退都如何了,慧保天下,,
177,20190819,2019-08-19 07:17:00,"长江证券总裁掌舵20个月4重煎熬 刘益谦难守""平常心""",中国经济网,,
178,20190818,2019-08-18 18:18:00,“面值退市”第三股*ST华信明起停牌，此前仍有多路资金进场“刀口舔血”，神秘方是否推进重组成焦点,e公司官微,,
179,20190818,2019-08-18 18:55:00,又一公司或被面值退市！*ST华信明日停牌 大股东十亿股被冻结,南方都市报,,
180,20190818,2019-08-18 23:41:00,或成面值退市第三股 *ST华信19日起停牌,中新经纬,,
181,20190817,2019-08-17 09:29:00,*ST华信危机：重组事无进展 难逃“面值退市”,新浪网,,
182,20190815,2019-08-15 01:31:00,*ST华信在A股时辰不多了,金融界,,
183,20190815,2019-08-15 17:45:00,举报人接受独家采访：万字长文详述事件过程，不惧上法庭！长江证券：举报系个人恶意捏造！,中国证券报,,
184,20190815,2019-08-15 14:53:51,关于上海华信国际集团有限公司公司债券的临时受托管理事务报告,上海交易所,,
185,20190815,2019-08-15 17:49:00,举报人接受独家采访：万字长文详述事件过程，不惧上法庭！长江证券：举报系个人恶意捏造！,中国证券报,,
186,20190815,2019-08-15 07:55:00,*ST华信距离“面值退市”仅剩两天,金证券,,
187,20190815,2019-08-15 08:15:00,“白马骑士”焦作中州炭素救场难挽颓势 *ST华信退市或成定局,大河网,,
188,20190814,2019-08-14 12:00:35,国开证券股份有限公司关于上海华信国际集团有限公司2015年公司债券临时受托管理事务报告,上海交易所,,
189,20190814,2019-08-14 17:01:13,*ST华信：控股股东所持股份新增轮候冻结,财汇资讯,,
190,20190814,2019-08-14 17:09:00,*ST华信重组无进展 将成第三只面值退市股,金融投资报,,
191,20190814,2019-08-14 17:45:00,*ST华信重组翻身难指望，将成第三只“面值退市”股！小心其他1元股…,金融投资报,,
192,20190813,2019-08-13 02:55:00,重组自救无望  *ST华信退市几成定局,时代周报,,
193,20190813,2019-08-13 16:30:00,退市倒计时：自救遭市场无视股价跌至0.7元 或致8万股民血本无归,问理财网,,
194,20190813,2019-08-13 07:17:00,*ST华信跻身面值退市股 连续20个交易日破面值已无悬念,长江商报网站,,
195,20190813,2019-08-13 21:24:00,只剩3天！世界500强竟要被退市？8万股民彻底懵了,叶檀财经,,
196,20190813,2019-08-13 22:43:00,*ST华信危机：债务缠身 退市无安排 重组无进展,华夏时报,,
197,20190813,2019-08-13 01:58:00,*ST华信将成面值退市第三股 神秘重组方会否继续推进合作？,证券时报,,
198,20190813,2019-08-13 07:14:00,越秀金控累计诉讼金额远超净利润  出售资产之路还能走多久,电鳗快报,,
199,20190813,2019-08-13 08:27:00,*ST华信股东上海华信股份被轮候冻结,挖贝网,,
200,20190812,2019-08-12 19:41:00,8万股东彻底死心 ST华信连续20个交易日破面值无悬念,新浪财经,,
201,20190812,2019-08-12 19:45:00,回天乏术，8万股东彻底死心了，又一只“退市股”诞生，母公司曾连续4年世界500强,数据宝,,
202,20190812,2019-08-12 16:03:00,又一上市皖企面临退市 负责人称“暂无应对措施”,搜狐网,,
203,20190812,2019-08-12 16:40:00,又一上市皖企面臨退市 負責人稱“暫無應對措施”,人民網,,
204,20190812,2019-08-12 19:04:00,刚请来白衣骑士三天，*ST华信今日跌停！面值退市第三股正在走来,中国证券报,,
205,20190812,2019-08-12 20:46:00,*ST华信“保壳”倒计时：面值退市第三股已定？会否继续推进？神秘方这样回复,e公司官微,,
206,20190812,2019-08-12 20:38:00,*ST华信最后大招仍“回天无力” 难逃退市命运？,新浪财经,,
207,20190812,2019-08-12 21:44:00,“白衣骑士”无力驰援，又一家公司难逃面值退市命运,中国证券网,,
208,20190812,2019-08-12 19:38:20,*ST华信：控股股东所持公司股份新增轮候冻结,财汇资讯,,
209,20190812,2019-08-12 19:46:00,刚请来白衣骑士三天，·ST华信今日跌停！面值退市第三股正在走来,中国证券报,,
210,20190811,2019-08-11 20:08:00,8万股民“瑟瑟发抖”！又一A股上市公司退市，两年前曾是世界500强,金融观察家,,
211,20190811,2019-08-11 20:47:00,8.1万投资者迎一线生机！“白马骑士”驰援*ST华信，股价已收获一个涨停，深交所火速下发关注函,新浪财经,,
212,20190809,2019-08-09 00:36:00,下跌过猛，A股第三家触发1元退市制度的企业提前诞生,搜狐,,
213,20190809,2019-08-09 08:50:00,*ST华信跌停，“面值退市”几成定局,和讯网,,
214,20190809,2019-08-09 17:10:00,*ST华信：“救命！除非5个连续涨停，不然俺就要退市了……”,花朵财经,,
215,20190809,2019-08-09 10:56:00,上海华信债券纠纷案开庭 菏泽农商行追索1亿本金,中国经营报,,
216,20190809,2019-08-09 13:52:00,东莞证券净利下滑7成创5年新低  接连收到罚单上市之路曲折,搜狐财经,,
217,20190808,2019-08-08 22:48:00,这些年，国开行踩过的雷,新金融传媒,,
218,20190807,2019-08-07 18:40:43,国开证券股份有限公司关于上海华信国际集团有限公司2015年公司债券临时受托管理事务报告,上海交易所,,
219,20190806,2019-08-06 08:49:00,"退市警报！A股""1元股""超60只，40万股民小心！",和讯网,,
220,20190806,2019-08-06 05:35:00,又是散户买单？第二次提示，这只股票退市风险加大,百家号,,
221,20190805,2019-08-05 00:00:00,又一仙股或面临退市！天雷滚滚的*ST华信（002018.SZ）路在何方？,格隆汇,,
222,20190802,2019-08-02 17:26:00,一周人事：多省份领导班子调整 金融领域再打落一“虎”,人民网,,
223,20190801,2019-08-01 18:08:26,主承销商关于上海华信国际集团有限公司2017年度第一期中期票据及2017年度第二期中期票据违约后续进展公告(2019年7月),上海清算所,,
224,20190801,2019-08-01 04:39:00,涉严重违纪违法 前国开行董座胡怀邦落马,工商时报,,
225,20190801,2019-08-01 12:40:00,国开行董事长胡怀邦落马 曾卷入王三运案,新浪网,,
226,20190731,2019-07-31 17:19:00,刚刚，“能源铁三角”再次塌陷，这位正部级董事长退休一年后被查,华夏能源网,,
227,20190731,2019-07-31 19:18:00,胡怀邦因何被查？被指涉王三运、叶简明贿案,财经杂志,,
228,20190731,2019-07-31 21:10:00,长江证券评级近10年最差连降三级 内控不健全、合规走过场屡遭监管处罚,百家号,,
229,20190731,2019-07-31 17:20:11,中国建设银行股份有限公司关于上海华信国际集团有限公司2017年度第二期超短期融资券违约后续进展公告(2019年7月),上海清算所,,
230,20190731,2019-07-31 18:06:00,国开行原董事长被查！背后不只涉及王三运……,价值线,,
231,20190731,2019-07-31 15:51:38,主承销商关于上海华信国际集团有限公司2017年度第五期超短期融资券违约后续进展情况的公告(2019年7月),上海清算所,,
232,20190731,2019-07-31 15:51:54,主承销商关于上海华信国际集团有限公司2017年度第三期超短期融资券违约后续进展情况的公告(2019年7月),中国货币网,,
233,20190731,2019-07-31 18:43:00,国开行高层震荡！董事长胡怀邦被查，神秘富商涉案，多名高官卷入！,直面传媒,,
234,20190731,2019-07-31 15:37:00,卸任不到1年 卷入王三运案的董事长被查,新浪网,,
235,20190731,2019-07-31 16:28:00,多高管落马后国开行原董事长再被查！曾被指涉王三运叶简明案,南方都市报,,
236,20190731,2019-07-31 14:01:00,国开行原董事长胡怀邦接受调查 曾涉王三运案,经济观察报,,
237,20190731,2019-07-31 16:26:00,今年以来第三名金融领域中管干部落马：曾被指涉王三运受贿案,南方都市报,,
238,20190730,2019-07-30 05:56:00,头部券商优势凸显 行业集中度料提升,中国证券报,,
239,20190729,2019-07-29 19:47:00,华信证券连获最低评级背后：受累股东危机 去年净亏94亿,北京商报,,
240,20190726,2019-07-26 15:30:42,国家开发银行关于上海华信国际集团有限公司2015年度第一期中期票据违约后续进展情况的公告(2019年7月),上海清算所,,
241,20190726,2019-07-26 21:14:00,33万股民瑟瑟发抖！这3家上市公司逼近退市边缘,全景财经,,
242,20190726,2019-07-26 21:17:00,"33万股民""瑟瑟发抖""！这3家上市公司逼近退市边缘",和讯网,,
243,20190725,2019-07-25 11:18:23,主承销商关于上海华信国际集团有限公司2017年度第四期超短期融资券违约后续进展的公告(2019年7月),上海清算所,,
244,20190725,2019-07-25 12:07:00,"46万股民丨""心惊胆战丨""！4只A股退市边缘：最狠连续15天低于1元，交易所紧急出手",中国基金报,,
245,20190725,2019-07-25 12:09:00,"46万股民""心惊胆战""！4只A股退市边缘 最狠连续15天低于1元",金融界,,
246,20190725,2019-07-25 17:29:36,上海华信国际集团有限公司关于近期诉讼事项的公告,上海交易所,,
247,20190725,2019-07-25 17:31:08,关于上海华信国际集团有限公司公司债券的临时受托管理事务报告,上海交易所,,
248,20190725,2019-07-25 17:18:05,联合资信评估有限公司关于终止上海华信国际集团有限公司主体及“15沪华信MTN001”“17沪华信MTN002”债项信用评级的公告,上海清算所,,
249,20190724,2019-07-24 18:28:00,*ST华信：控股股东上海华信所持公司股份被司法轮候冻结,财汇资讯,,
250,20190723,2019-07-23 22:45:00,*ST华信跌破面值，“仙股”又多一例——56只低价股拉响风险警报,大众证券报,,
251,20190723,2019-07-23 15:55:00,*ST华信股价已连续两个交易日不足1元 众多问题仍未解决,金融界,,
252,20190723,2019-07-23 19:22:00,A股再添“仙股”：股价最低至0.93元 8万股民或拾得一地鸡毛,问理财网,,
253,20190722,2019-07-22 11:38:00,中诚信国际关于终止上海华信国际集团有限公司主体及“17沪华信MTN001”债项信用评级的公告,上海清算所,,
254,20190717,2019-07-17 01:40:00,资本大鳄叶简明“华信系”石化企业 2300万元起拍,重庆商报,叶简明石化企业 2300万元起拍,高管风险
255,20190717,2019-07-17 09:42:10,关于上海华信国际集团有限公司2017年度第一期中期票据及2017年度第二期中期票据2019年度第二次持有人会议决议的公告,上海清算所,,
256,20190716,2019-07-16 12:16:00,云南能投董事长辞职 上海华信13亿融资仍未收回,中国经营网,,
257,20190716,2019-07-16 17:31:00,云南能投董事长杨万华任期未满辞职！曾代表母公司与华信集团签约,南方都市报,,
258,20190715,2019-07-15 20:31:00,债市2019年中回顾：3A级债券也违约 这些承销商踩雷最多,和讯网,,
259,20190712,2019-07-12 19:50:00,违约浪潮中的困境企业重组新机遇,财经杂志,,
260,20190710,2019-07-10 09:07:15,关注财政收入滑对各省份城投债影响,研究报告,,
261,20190708,2019-07-08 07:07:00,海南银行总资产373亿缩水16% ?  不良贷款率一年上升17倍,长江商报,,
262,20190705,2019-07-05 19:40:36,*ST华信：控股股东上海华信所持股份被轮候冻结,财汇资讯,,
263,20190702,2019-07-02 17:33:39,主承销商关于上海华信国际集团有限公司2017年度第一期中期票据及2017年度第二期中期票据违约后续进展公告(2019年6月),上海清算所,,
264,20190701,2019-07-01 15:54:32,关于对“15华信债”、“16申信01”、“17华信Y1”及“17华信Y2”终止跟踪评级的公告,上海交易所,,
265,20190629,2019-06-29 04:28:00,紫金银行拆分股权拍卖遇冷,新浪财经,,
266,20190628,2019-06-28 13:32:55,上海华信国际集团有限公司关于近期诉讼事项的公告,上海交易所,,
267,20190628,2019-06-28 14:17:55,中国建设银行股份有限公司关于上海华信国际集团有限公司2017年度第二期超短期融资券违约后续进展公告(2019年6月),中国货币网,,
268,20190628,2019-06-28 17:31:31,主承销商关于上海华信国际集团有限公司2017年度第三期超短期融资券违约后续进展情况的公告(2019年6月),上海清算所,,
269,20190628,2019-06-28 17:31:14,主承销商关于上海华信国际集团有限公司2017年度第五期超短期融资券违约后续进展情况的公告(2019年6月),上海清算所,,
270,20190627,2019-06-27 06:00:00,海南银行12%股权流拍,深圳商报,,
271,20190627,2019-06-27 14:59:04,国家开发银行关于上海华信国际集团有限公司2015年度第一期中期票据违约后续进展情况的公告(2019年6月),中国货币网,,
272,20190626,2019-06-26 03:19:00,海南银行12%股权因无人问津流拍,证券时报,,
273,20190626,2019-06-26 14:05:18,主承销商关于召开上海华信国际集团有限公司2017年度第一期中期票据及2017年度第二期中期票据2019年度第二次持有人会议的公告,中国货币网,,
274,20190626,2019-06-26 14:35:44,主承销商关于上海华信国际集团有限公司2017年度第四期超短期融资券违约后续进展的公告(2019年6月),中国货币网,,
275,20190626,2019-06-26 19:33:00,银行股权拍卖热闹上演！上海华信清仓拍卖海南银行股权未果，天津农商行股权被化工企业接下,券商中国,,
276,20190625,2019-06-25 15:13:00,上海华信持有海南银行12%股权拍卖结束 因无人接盘流拍,证券时报网,,
277,20190624,2019-06-24 10:54:00,上海华信国际集团:17沪华信MTN001(101788002)未按期支付利息,益盟操盘手,,
278,20190624,2019-06-24 09:21:00,上海华信国际集团“17沪华信MTN001”未按期支付1.97亿元利息,新浪财经,,
279,20190624,2019-06-24 20:22:00,海南银行12%股权拍卖进行时 第二大股东将面临易主,北京商报,,
280,20190624,2019-06-24 18:57:27,关于上海华信国际集团有限公司2017年度第一期中期票据未按期足额付息的公告,上海清算所,,
281,20190624,2019-06-24 10:18:00,关注城投到期压力的增大的尾部地区非标风险 ——信用周报2019年第21期（2019.06.23）,申万宏源固收研究,,
282,20190622,2019-06-22 13:37:00,47岁唐山银行行长么向华拟任海南银行副行长,澎湃,,
283,20190621,2019-06-21 21:46:00,北方石油的“叶简明陷阱”,等深线,北方石油的“叶简明陷阱”,高管风险
284,20190621,2019-06-21 19:18:00,中粮信托兑付压力加大 曲线上市后危机仍在,新浪网,,
285,20190621,2019-06-21 17:55:08,上海华信国际集团有限公司2017年度第一期中期票据未按期支付利息的公告,上海清算所,,
286,20190621,2019-06-21 17:55:58,上海华信国际集团有限公司关于近期诉讼事项的公告,上海清算所,,
287,20190621,2019-06-21 18:48:00,上清所公告称，未收到“17沪华信MTN001”付息资金,新浪财经,,
288,20190621,2019-06-21 19:32:00,(深互动)*ST华信：公司第一大股东上海华信所持公司股票已被司法冻结,深交所互动易,,
289,20190621,2019-06-21 18:48:25,"关于未收到""17沪华信MTN001""付息资金的通知(清算所发〔2019〕101号)",上海清算所,,
290,20190612,2019-06-12 19:32:27,*ST华信：控股股东所持部分股份被司法轮候冻结,财汇资讯,,
291,20190612,2019-06-12 15:35:37,中国建设银行股份有限公司关于上海华信国际集团有限公司2017年度第二期超短期融资券违约后续进展公告(2019年5月),上海清算所,,
292,20190611,2019-06-11 02:32:00,股东拖累、债券违约！亏损券商各有各的不幸,证券时报,,
293,20190609,2019-06-09 17:04:00,*ST华信：控股股东所持公司16.02%股份被强制划转至中原银行,财联社,,
294,20190606,2019-06-06 16:57:00,国海证券B级危机:12亿债募资他用不知情 半年被罚2次,新浪财经,,
295,20190604,2019-06-04 14:52:00,谋求借道上市净利却挫逾九成   中粮信托高管层履新先排雷,搜狐财经,,
296,20190603,2019-06-03 15:44:20,中国邮政储蓄银行股份有限公司和中国国际金融股份有限公司关于上海华信国际集团有限公司2017年度第一期中期票据及2017年度第二期中期票据违约后续进展公告（2019年5月）,上海清算所,,
297,20190603,2019-06-03 09:07:00,富贵鸟等六家债券发行人被上交所通报批评,中国金融信息网,,
298,20190602,2019-06-02 12:33:00,违约监管继续加码！上交所通报批评6家债券发行人，多券商收到监管函，违约债券转让服务上线,券商中国,,
299,20190601,2019-06-01 01:10:00,华信金融折翼：海南银行12%股权遭司法拍卖,新浪微博,,
300,20190601,2019-06-01 07:36:00,6家公司债发行人被上交所通报批评,中国证券报,,
301,20190531,2019-05-31 00:00:00,(2019-05-22)关于对上海华信国际集团有限公司予以通报批评的决定,上海交易所,,
302,20190531,2019-05-31 09:36:00,(深互动)*ST华信：截至本回复日，公司受控股股东上海华信相关事件影响，能源贸易业务及保理业务大幅萎缩,深交所互动易,,
303,20190531,2019-05-31 19:13:33,上交所对富贵鸟等公司债券发行人予以通报批评,上交所发布,,
304,20190531,2019-05-31 11:11:03,国家开发银行关于上海华信国际集团有限公司2015年度第一期中期票据违约后续进展情况的公告(2019年5月),中国货币网,,
305,20190531,2019-05-31 08:31:00,ST华信16.02%股份被司法划转给中原银行,大河网,,
306,20190531,2019-05-31 20:15:00,上交所通报批评富贵鸟等6家公司债发行人,中证网,,
307,20190530,2019-05-30 18:23:38,主承销商关于上海华信国际集团有限公司2017年度第五期超短期融资券违约后续进展情况公告(2019年5月),中国货币网,,
308,20190530,2019-05-30 18:23:27,主承销商关于上海华信国际集团有限公司2017年度第三期超短期融资券违约后续进展情况公告(2019年5月),中国货币网,,
309,20190530,2019-05-30 19:33:00,*ST华信：控股股东16%股份被司法划转,财汇资讯,,
310,20190530,2019-05-30 20:01:00,*ST华信控股股东所持公司16.02%股份被司法划转,发布易,,
311,20190529,2019-05-29 18:35:16,主承销商关于上海华信国际集团有限公司2017年度第四期超短期融资券违约后续进展的公告(2019年5月),上海清算所,,
312,20190524,2019-05-24 17:05:00,*ST华信(002018.SZ)：上海华信所持股份新增轮候冻结约2.17亿股,新浪网,,
313,20190524,2019-05-24 16:48:54,*ST华信：控股股东所持公司股份新增轮候冻结,财汇资讯,,
314,20190524,2019-05-24 12:16:00,海南银行12%股权将拍卖 实际持有人为叶简明华信系,金融界,海南银行12%股权将拍卖 实际持有人为叶简明华信系,股东风险、高管风险
315,20190524,2019-05-24 02:20:00,资本大鳄叶简明优质资产被处置 海南银行12%股权下月拍卖,重庆商报,,
316,20190524,2019-05-24 02:19:00,华信期货和*ST华信股权拍卖均流标 接盘侠应当谨慎,重庆商报,,
317,20190523,2019-05-23 22:17:00,*ST华信：上海华信所持股份被动减持1880.65万股,格隆汇,,
318,20190520,2019-05-20 17:16:04,上海华信国际集团有限公司关于近期诉讼事项的公告,上海交易所,,
319,20190517,2019-05-17 10:27:00,10个月亏逾50亿！华信期货5.04亿股股权拍卖,金融界,,
320,20190517,2019-05-17 14:35:00,小心账户统筹管理中的坑,证券市场周刊,,
321,20190513,2019-05-13 15:12:00,云能投集团：八亿元融资款去向未知,新浪财经,,
322,20190513,2019-05-13 07:00:00,叶简明后台曝光,陆家嘴金融圈,,
323,20190510,2019-05-10 16:46:00,*ST华信：控股股东所持16.02%公司股份司法拍卖流拍,华尔街见闻,,
324,20190510,2019-05-10 10:49:00,涉3亿元借贷担保纠纷  *ST华信被龙蟒佰利子公司起诉,大河财立方,,
325,20190510,2019-05-10 16:44:00,*ST华信：公司控股股东上海华信持有公司的3.65亿股股份流拍,财汇资讯,,
326,20190509,2019-05-09 13:19:00,长江证券净利润暴跌83%背后：资管频频踩雷 海外业务亏损不断,新浪网,,
327,20190508,2019-05-08 10:31:00,河南5家企业在列！4月新增失信联合惩戒对象公示,河南一百度,,
328,20190505,2019-05-05 15:11:04,中国邮政储蓄银行股份有限公司和中国国际金融股份有限公司关于上海华信国际集团有限公司2017年度第一期中期票据及2017年度第二期中期票据违约后续进展公告,中国货币网,,
329,20190502,2019-05-02 11:19:00,卖不上价，也没人买？一张曾抢手的金融牌照两度流拍，4天后再拍，从赚3亿到亏50亿，背后是命运大转折,券商中国,,
330,20190501,2019-05-01 14:00:16,关于上海华信国际集团有限公司公司债券的临时受托管理事务报告,上海交易所,,
331,20190501,2019-05-01 14:00:46,关于上海华信国际集团有限公司公司债券的临时受托管理事务报告,上海交易所,,
332,20190430,2019-04-30 08:22:16,国开证券股份有限公司关于上海华信国际集团有限公司2015年公司债券临时受托管理事务报告-2,上海交易所,,
333,20190430,2019-04-30 11:55:22,主承销商关于上海华信国际集团有限公司2017年度第四期超短期融资券违约后续进展的公告(2019年4月),中国货币网,,
334,20190430,2019-04-30 13:01:55,中国建设银行股份有限公司关于上海华信国际集团有限公司2017年度第二期超短期融资券违约后续进展公告(2019年4月),中国货币网,,
335,20190429,2019-04-29 19:11:24,主承销商关于上海华信国际集团有限公司2017年度第三期超短期融资券违约后续进展情况的公告(2019年4月),上海清算所,,
336,20190429,2019-04-29 19:12:04,主承销商关于上海华信国际集团有限公司2017年度第五期超短期融资券违约后续进展情况的公告(2019年4月),上海清算所,,
337,20190429,2019-04-29 19:55:38,国开证券股份有限公司关于上海华信国际集团有限公司2015年公司债券临时受托管理事务报告,上海交易所,,
338,20190429,2019-04-29 00:00:00,国开证券股份有限公司关于上海华信国际集团有限公司2015年公司债券临时受托管理事务报告,上海交易所,,
339,20190428,2019-04-28 10:55:38,主承销商关于上海华信国际集团有限公司2015年度第一期中期票据违约后续进展情况的公告(2019年4月),上海清算所,,
340,20190425,2019-04-25 08:55:00,上海华信国际集团：无法按期披露2018年年度报告,新浪财经,,
341,20190424,2019-04-24 17:36:36,关于上海华信国际集团有限公司公司债券的临时受托管理事务报告,上海交易所,,
342,20190424,2019-04-24 21:09:00,债券关注信息（2019年4月24日）,债券负面信息,,
343,20190424,2019-04-24 18:38:00,爆雷预警！连发6条暂停上市公告，50亿坏账无法收回,券业观察,,
344,20190424,2019-04-24 16:36:25,*ST华信：控股股东被动减持累计达到1%,财汇资讯,,
345,20190424,2019-04-24 17:34:54,上海华信国际集团有限公司关于近期诉讼事项的公告,上海交易所,,
346,20190419,2019-04-19 23:48:00,又是资产减值“惹祸”！东莞证券净利下滑超七成IPO前途未卜,华夏时报,,
347,20190418,2019-04-18 17:19:40,上海华信国际集团有限公司关于近期诉讼事项的公告,中国货币网,,
348,20190414,2019-04-14 18:20:00,股权拍卖了也能涨停 还有多少“延华智能”在等待？,上游新闻,,
349,20190412,2019-04-12 06:33:00,*ST华信控股股东所持逾16%股权将司法拍卖,上海证券报,,
350,20190411,2019-04-11 19:04:00,*ST华信：控股股东所持公司16.02%股权将被司法拍卖,财汇资讯,,
351,20190410,2019-04-10 14:47:06,中国建设银行股份有限公司关于上海华信国际集团有限公司2017年度第二期超短期融资券违约后续进展公告(2019年3月),中国货币网,,
352,20190404,2019-04-04 10:08:26,主承销商关于上海华信国际集团有限公司2017年度第一期中期票据及2017年度第二期中期票据违约后续进展公告,中国货币网,,
353,20190404,2019-04-04 16:42:15,中国邮政储蓄银行股份有限公司和中国国际金融股份有限公司关于“17沪华信MTN001”及“17沪华信MTN002”违约后续进展公告,上海清算所,,
354,20190402,2019-04-02 17:20:58,*ST华信：控股股东股份新增轮候冻结,财汇资讯,,
355,20190329,2019-03-29 14:00:40,主承销商关于上海华信国际集团有限公司2017年度第四期超短期融资券违约后续进展的公告(2019年3月),中国货币网,,
356,20190328,2019-03-28 17:21:58,*ST华信：控股股东所持公司全部股份新增轮候冻结,财汇资讯,,
357,20190328,2019-03-28 14:58:38,主承销商关于上海华信国际集团有限公司2017年度第三期超短期融资券违约后续进展情况的公告(2019年3月),上海清算所,,
358,20190328,2019-03-28 15:08:43,主承销商关于上海华信国际集团有限公司2017年度第五期超短期融资券违约后续进展情况的公告(2019年3月),上海清算所,,
359,20190327,2019-03-27 08:17:00,信用债违约率攀顶回落市场 预计信用债市场违约风险将有所缓和,金融界,,
360,20190327,2019-03-27 17:09:16,主承销商关于上海华信国际集团有限公司2015年度第一期中期票据违约后续进展情况的公告(2019年3月),中国货币网,,
361,20190325,2019-03-25 00:00:00,上海华信国际集团有限公司关于近期诉讼事项的公告,上海交易所,,
362,20190325,2019-03-25 00:00:00,关于上海华信国际集团有限公司公司债券的临时受托管理事务报告,上海交易所,,
363,20190325,2019-03-25 19:51:00,山东一步集团更换法定代表人：与华信存交集、陷债务困境,新京报网,,
364,20190315,2019-03-15 23:36:00,近年我国企业ABS风险案例盘点,ABS交流合作,,
365,20190314,2019-03-14 02:08:00,哪些违约债券兑付了？,腾讯网,,
366,20190313,2019-03-13 13:35:00,华信期货股权拍卖惨遭流拍从赚3亿到巨亏50亿仅用10个月,华夏时报,,
367,20190312,2019-03-12 13:08:08,信用违约方兴未艾 警惕“爆雷”规避有方,金融界,,
368,20190312,2019-03-12 14:43:00,生财有道丨信用债市场接连出现违约 债基还能不能买？,中国经济网,,
369,20190311,2019-03-11 20:11:00,上海华信所持*ST华信股份遭司法处置 已累计被动减持2070万股,e公司,,
370,20190311,2019-03-11 17:16:30,*ST华信：控股股东被动减持0.24%股份,财汇资讯,,
371,20190308,2019-03-08 10:26:00,华信期货再遭拍卖 部分物业易主国企,新京报网,,
372,20190307,2019-03-07 18:52:20,*ST华信：控股股东被动减持0.14%股份,财汇资讯,,
373,20190306,2019-03-06 13:55:00,传奇富豪兰华升高光不再 旗下2家上市公司均被国资接手,新京报网,,
374,20190305,2019-03-05 17:03:00,【见智月报】丨见智信用风险2月报,联合见智,,
375,20190304,2019-03-04 03:03:00,华信期货股权首拍流标 下次拍卖或降价20%,重庆商报,,
376,20190302,2019-03-02 07:45:00,A股进入年报披露季 16家公司去年净利逾百亿,证券时报,,
377,20190302,2019-03-02 20:10:00,小牛犊突遇黑天鹅，光大证券并购失利，赔了夫人又折兵,富凯财经,,
378,20190301,2019-03-01 16:32:26,中国邮政储蓄银行股份有限公司和中国国际金融股份有限公司关于“17沪华信MTN001”及“17沪华信MTN002”违约后续进展公告（2019年2月）,上海清算所,,
379,20190301,2019-03-01 21:54:00,债券违约潮继续 从民企蔓延至地方城投公司,新浪财经,,
380,20190228,2019-02-28 23:22:00,突发！这一次，国开行成重灾区,票友—票据圈儿那些事,,
381,20190228,2019-02-28 17:04:47,主承销商关于上海华信国际集团有限公司2017年度第四期超短期融资券违约后续进展的公告(2019年2月),上海清算所,,
382,20190228,2019-02-28 14:30:03,主承销商关于上海华信国际集团有限公司2017年度第三期超短期融资券违约后续进展情况的公告(2019年2月),上海清算所,,
383,20190228,2019-02-28 14:38:11,主承销商关于上海华信国际集团有限公司2017年度第五期超短期融资券违约后续进展情况的公告(2019年2月),中国货币网,,
384,20190227,2019-02-27 11:57:48,中国建设银行股份有限公司关于上海华信国际集团有限公司2017年度第二期超短期融资券违约后续进展公告(2019年2月),中国货币网,,
385,20190227,2019-02-27 17:01:42,*ST华信：控股股东被动减持0.67%股份,财汇资讯,,
386,20190227,2019-02-27 16:23:32,上海华信国际集团有限公司关于近期诉讼事项的公告,上海交易所,,
387,20190223,2019-02-23 19:48:00,一年亏损35亿元！52亿元坏账要不回 独董质疑“存猫腻”,问理财网,,
388,20190222,2019-02-22 17:20:00,*ST华信：2018年亏损近35亿元,证券时报网,,
389,20190222,2019-02-22 11:13:00,华信集团135亿股权被冻结,钛媒体,,
390,20190222,2019-02-22 23:51:00,业绩爆亏35亿元！8万股民一叶知秋！离退市边缘一步之遥！华信，凉凉,定增并购圈,,
391,20190222,2019-02-22 12:45:00,华信金融帝国折翼：华信期货49%股权遭司法拍卖,中国经营网,,
392,20190222,2019-02-22 03:23:58,*ST华信“雷声阵阵”：退市风险警示、业务萎缩、立案调查,资本邦,,
393,20190220,2019-02-20 17:21:41,主承销商关于上海华信国际集团有限公司2015年度第一期中期票据违约后续进展情况的公告(2019年2月),中国货币网,,
394,20190220,2019-02-20 07:01:41,关于上海华信国际集团有限公司公司债券的临时受托管理事务报告,上海交易所,,
395,20190219,2019-02-19 07:30:00,中短期发行利率下降，信用利差收窄明显,靳论固收,,
396,20190218,2019-02-18 06:35:00,债市打破刚兑成常态高信评含金量受质疑,上海证券报,,
397,20190214,2019-02-14 17:55:00,中民投坠入债务困局 三千亿资产为三十亿债券犯难,新浪财经,,
398,20190214,2019-02-14 01:43:00,前年赚3亿 华信期货去年10个月为何亏50亿？,重庆商报,,
399,20190214,2019-02-14 12:51:00,重磅！2018年信托行业违约那些事！,新浪微博,,
400,20190213,2019-02-13 02:59:00,华信期货49%股份将司法处置 22.7亿起拍,重庆商报,,
401,20190213,2019-02-13 17:11:27,*ST华信：控股股东被动减持0.37%股份,财汇资讯,,
402,20190213,2019-02-13 15:55:00,《华信期货拍卖》追踪：前年盈利3亿 去年10个月缘何巨亏50亿？,上游新闻,,
403,20190213,2019-02-13 03:48:00,违约那些事儿｜18年民企违约模式全梳理,商道大儒公众号,,
404,20190212,2019-02-12 22:03:00,华信资产司法处置：华信期货49%股份22.7亿起拍,上游新闻,,
405,20190131,2019-01-31 15:46:20,主承销商关于上海华信国际集团有限公司2017年度第三期超短期融资券违约后续进展情况的公告(2019年1月),中国货币网,,
406,20190131,2019-01-31 00:18:00,锦龙股份2018年净利亏损2.04亿元 同比减少205%,金融界,,
407,20190131,2019-01-31 09:36:08,中国邮政储蓄银行股份有限公司和中国国际金融股份有限公司关于上海华信国际集团有限公司2017年度第一期中期票据违约后续进展公告,中国货币网,,
408,20190131,2019-01-31 15:47:44,主承销商关于上海华信国际集团有限公司2017年度第五期超短期融资券违约后续进展情况的公告(2019年1月),中国货币网,,
409,20190130,2019-01-30 17:51:00,兑付基本靠猜,谈天说债,,
410,20190130,2019-01-30 17:33:36,主承销商关于上海华信国际集团有限公司2017年度第四期超短期融资券违约后续进展的公告(2019年1月),中国货币网,,
411,20190130,2019-01-30 10:29:00,邓海清谈标普进入中国：标普来了 穆迪和惠誉还远吗？,金融界,,
412,20190130,2019-01-30 09:32:32,关于上海华信国际集团有限公司“17沪华信MTN001”及“17沪华信MTN002”2019年度第一次持有人会议决议的公告,上海清算所,,
413,20190130,2019-01-30 18:01:00,锦龙股份预计去年净利润同比下滑175%至205%,证券时报网,,
414,20190129,2019-01-29 14:16:25,中国建设银行股份有限公司关于上海华信国际集团有限公司2017年度第二期超短期融资券违约后续进展公告(2019年1月),中国货币网,,
415,20190125,2019-01-25 17:41:30,*ST华信：控股股东上海华信所持0.08%股份被动减持,财汇资讯,,
416,20190125,2019-01-25 21:30:00,又多一家券商计提资产减值！光大证券最新计提5亿，全行业计提已超31亿,券商中国,,
417,20190125,2019-01-25 17:06:31,主承销商关于上海华信国际集团有限公司2015年度第一期中期票据违约后续进展情况的公告(2019年1月),中国货币网,,
418,20190123,2019-01-23 14:42:44,上海华信国际集团有限公司关于近期诉讼事项的公告,上海交易所,,
419,20190123,2019-01-23 14:47:38,关于上海华信国际集团有限公司公司债券的临时受托管理事务报告,上海交易所,,
420,20190113,2019-01-13 17:06:00,哪些非标在违约？有何影响？,固收彬法,,
421,20190112,2019-01-12 23:16:00,上海华信失信成老赖 涉及金额6888万元,股城网,,
422,20190110,2019-01-10 09:30:14,中国邮政储蓄银行股份有限公司和中国国际金融股份有限公司关于上海华信国际集团有限公司2017年度第一期中期票据违约后续进展公告,中国货币网,,
423,20190110,2019-01-10 09:32:17,关于召开上海华信国际集团有限公司2017年度第一期中期票据2019年度第一次持有人会议的公告,中国货币网,,
424,20190110,2019-01-10 16:55:00,【中证评级】违约统计—2018年12月民企违约继续增加,中证评级,,
425,20190110,2019-01-10 16:45:00,一文梳理2018年ABS评级下调项目,金融监管研究院,,
426,20190108,2019-01-08 17:05:00,上海华信失信成老赖 已有150亿债券违约,中国经营网,,
427,20190108,2019-01-08 21:11:00,上海华信信用“危楼” 不仅150亿债券违约 又被列为失信名单,搜狐财经,,
428,20190108,2019-01-08 12:33:00,重磅！在这张“黑榜”上，ST长生一路领先，乐视网紧随其后……,大众证券报董秘第一圈,,
429,20190104,2019-01-04 22:54:00,*ST长生领衔 乐视网再度上榜 “2018年十大黑榜上市公司”评选结果揭晓,大众证券报,,
430,20190104,2019-01-04 18:11:02,*ST华信：控股股东上海华信所持股份新增司法轮候冻结,财汇资讯,,
431,20190104,2019-01-04 17:24:00,重磅 丨 2018年度债券违约最全盘点,债市研究,,
432,20190104,2019-01-04 18:23:17,关于上海华信国际集团有限公司公司债券的临时受托管理事务报告,上海交易所,,
433,20190104,2019-01-04 14:15:36,中诚信国际关于关注上海华信国际集团有限公司“15华信债”和“17华信Y2”公司债违约等事宜的公告,中国货币网,,
434,20190102,2019-01-02 13:33:00,2018年中国信用市场违约超1100亿,财联社,,
435,20190102,2019-01-02 22:05:00,2018年的债券圈：老王老张讨债记,GPLP,,
436,20181229,2018-12-29 15:44:10,主承销商关于上海华信国际集团有限公司2017年度第四期超短期融资券违约后续进展的公告(2018年12月),上海清算所,,
437,20181229,2018-12-29 15:46:22,中国建设银行股份有限公司关于上海华信国际集团有限公司2017年度第二期超短期融资券违约后续进展公告(2018年12月),上海清算所,,
438,20181229,2018-12-29 11:45:46,主承销商关于上海华信国际集团有限公司2017年度第三期超短期融资券违约后续进展情况的公告(2018年12月),中国货币网,,
439,20181229,2018-12-29 11:46:15,主承销商关于上海华信国际集团有限公司2017年度第五期超短期融资券违约后续进展情况的公告(2018年12月),中国货币网,,
440,20181228,2018-12-28 17:53:00,【盘点】2018年千亿债券违约：华信国际、永泰能源多次上榜,财联社,,
441,20181228,2018-12-28 21:13:00,2018年违约债券盘点，违约数量超去年3倍,雪球,,
442,20181227,2018-12-27 19:07:00,上海华信国际集团“17华信Y2”公司债无法按期付息,云财经,,
443,20181227,2018-12-27 19:15:05,上海华信国际集团有限公司关于“17华信Y2”公司债违约公告,上海交易所,,
444,20181227,2018-12-27 09:47:00,解码违约民企，回归内生发展 ——2018民企违约启示,中证鹏元评级,,
445,20181225,2018-12-25 10:13:24,关于上海华信国际集团有限公司公司债券的临时受托管理事务报告,上海交易所,,
446,20181225,2018-12-25 10:14:08,上海华信国际集团有限公司关于近期诉讼事项的公告,上海交易所,,
447,20181224,2018-12-24 16:04:50,上海华信国际集团有限公司关于“15华信债”公司债的违约公告,上海交易所,,
448,20181224,2018-12-24 11:02:25,上海华信国际集团有限公司2017年公开发行可续期公司债券(第二期)2018年付息公告,上海交易所,,
449,20181224,2018-12-24 16:04:00,上海华信：公司未能支付“15华信债”全部本息,华尔街见闻,,
450,20181224,2018-12-24 20:19:58,国开证券股份有限公司关于上海华信公开发行公司债券临时受托管理事务报告,上海交易所,,
451,20181221,2018-12-21 14:02:31,主承销商关于上海华信国际集团有限公司2015年度第一期中期票据违约后续进展情况的公告(2018年12月),中国货币网,,
452,20181220,2018-12-20 17:54:00,有多少违约可以重来，难忘2018（上）,新浪网,,
453,20181220,2018-12-20 19:21:00,2018年股市十大黑天鹅盘点,初善投资,,
454,20181219,2018-12-19 15:08:19,中诚信国际关于关注上海华信国际集团有限公司“17华信Y1”公司债违约等事宜的公告,中国货币网,,
455,20181218,2018-12-18 09:42:00,今年债券市场也是“天雷滚滚”，企业现在发债 “难上加难”,搜狐财经,,
456,20181218,2018-12-18 14:21:23,上海华信国际集团有限公司关于近期诉讼事项的公告,中国货币网,,
457,20181214,2018-12-14 18:47:42,关于上海华信国际集团有限公司公司债券的临时受托管理事务报告,上海交易所,,
458,20181214,2018-12-14 17:04:31,上海华信国际集团有限公司关于“17华信Y1”公司债违约公告,上海交易所,,
459,20181214,2018-12-14 17:19:13,*ST华信：控股股东所持股份被轮候冻结,财汇资讯,,
460,20181214,2018-12-14 19:56:00,7800万！上海华信又一笔公司债违约,搜狐财经,,
461,20181212,2018-12-12 15:01:00,“德正系”陈基鸿被判23年 复盘160亿元贸易融资黑洞,金融混业观察,,
462,20181212,2018-12-12 16:31:00,刚给你上调了评级，您咋就违约暴雷了？？！,债券在线,,
463,20181211,2018-12-11 00:03:00,债券净融资额上升，负面事件持续出现 ( 国海固收研究 ）,靳论固收,,
464,20181207,2018-12-07 17:54:50,*ST华信：控股股东所持股份被新增轮候冻结13亿 累计冻结占总股本7.2%,财汇资讯,,
465,20181206,2018-12-06 18:01:00,闷杀投资者？！“踩雷”资管产品还在继续销售，长江资管、浦发银行被质疑！,新浪微博,,
466,20181206,2018-12-06 07:09:59,上海华信：“17华信Y1”付息存在不确定性,财汇资讯,,
467,20181206,2018-12-06 00:00:00,国开证券股份有限公司关于上海华信公开发行公司债券临时受托管理事务报告,上海交易所,,
468,20181205,2018-12-05 14:14:00,【中证评级】违约统计—2018年11月违约数据再创新高,中证评级,,
469,20181205,2018-12-05 17:03:00,资管产品踩雷后仍正常销售 长江资管联手浦发银行“闷杀”投资者？,华夏时报,,
470,20181205,2018-12-05 18:18:08,上海华信国际集团有限公司2017年公开发行可续期公司债券(第一期)2018年付息公告,上海交易所,,
471,20181204,2018-12-04 08:29:00,前任卷入“老虎”案他到任后有两个大动作,北京时间,,
472,20181204,2018-12-04 16:05:00,政策发力下的民企债现状：资质分化加剧！,债券在线,,
473,20181203,2018-12-03 10:01:21,"中粮信托新增诉讼频涉""老赖"" 行业披露仍有待规范",新浪财经,,
474,20181203,2018-12-03 14:55:14,主承销商关于上海华信国际集团有限公司2017年度第四期超短期融资券违约后续进展的公告(2018年11月),中国货币网,,
475,20181203,2018-12-03 00:29:00,中粮新增诉讼频涉“老赖”曲线上市增添诸多变数,金融界,,
476,20181203,2018-12-03 17:53:56,中国邮政储蓄银行股份有限公司和中国国际金融股份有限公司关于上海华信国际集团有限公司2017年度第二期中期票据违约后续进展公告,上海清算所,,
477,20181129,2018-11-29 18:01:40,主承销商关于上海华信国际集团有限公司2017年度第五期超短期融资券违约后续进展情况的公告(2018年11月),中国货币网,,
478,20181129,2018-11-29 11:44:18,中国建设银行股份有限公司关于上海华信国际集团有限公司2017年度第二期超短期融资券违约后续进展公告(2018年11月),中国货币网,,
479,20181129,2018-11-29 18:01:56,主承销商关于上海华信国际集团有限公司2017年度第三期超短期融资券违约后续进展情况的公告(2018年11月),中国货币网,,
480,20181129,2018-11-29 17:44:26,国开证券股份有限公司关于上海华信国际集团有限公司2015年公司债券临时受托管理事务报告,上海交易所,,
481,20181126,2018-11-26 07:22:00,"华信事件""冲击波"":华信期货29亿资金短期无法收回",金融视角,,
482,20181122,2018-11-22 17:57:00,公司业务大幅萎缩*ST华信受损 投资者索赔已启动,股城股票,,
483,20181122,2018-11-22 17:33:15,上海华信国际集团有限公司关于近期诉讼事项的公告,上海交易所,,
484,20181122,2018-11-22 18:25:15,国开证券股份有限公司关于上海华信国际集团有限公司2015年公司债券2018年第二次债券持有人会议决议公告,上海交易所,,
485,20181121,2018-11-21 12:55:18,关于上海华信国际集团有限公司公司债券的临时受托管理事务报告-17华信Y2,上海交易所,,
486,20181121,2018-11-21 17:34:00,中粮信托“曲线上市”遇麻烦，这些老赖需要重点关注,债市观察,,
487,20181121,2018-11-21 11:47:27,关于上海华信国际集团有限公司公司债券的临时受托管理事务报告,上海交易所,,
488,20181121,2018-11-21 22:29:00,控股股东股份新增轮候冻结*ST华信受损投资者索赔已启动,大众证券报,,
489,20181121,2018-11-21 16:32:22,*ST华信：控股股东股份新增轮候冻结,财汇资讯,,
490,20181119,2018-11-19 14:39:22,主承销商关于上海华信国际集团有限公司2015年度第一期中期票据违约后续进展情况的公告,上海清算所,,
491,20181119,2018-11-19 06:27:00,中原特钢重组牵出中粮信托23.42亿元未决诉讼,证券日报,,
492,20181119,2018-11-19 21:55:16,中原特钢连发9条公告，22个问题指向中粮信托，中粮踩在风口浪尖,证券时报网,,
493,20181119,2018-11-19 22:43:09,首家信托公司公布资管新规整改方案，5大焦点问题逐一击破,信托百佬汇,,
494,20181116,2018-11-16 16:55:29,关于上海华信国际集团有限公司近期诉讼事项的公告,中国货币网,,
495,20181116,2018-11-16 16:49:08,*ST华信：控股股东股份新增轮候冻结13.8亿股,财汇资讯,,
496,20181113,2018-11-13 09:46:10,中信建投证券股份有限公司关于上海华信国际集团有限公司2017年公开发行可续期公司债券（第二期）2018年第三次债券持有人会议决议公告,上海交易所,,
497,20181113,2018-11-13 09:47:44,关于上海华信国际集团有限公司公司债券的临时受托管理事务报告,上海交易所,,
498,20181113,2018-11-13 18:03:10,关于上海华信国际集团有限公司“17沪华信MTN001”2018年度第五次持有人会议及“17沪华信MTN002”2018年度第四次持有人会议决议的公告,中国货币网,,
499,20181112,2018-11-12 17:43:28,关于召开上海华信国际集团有限公司2015年公司债券2018年第二次债券持有人会议的补充通知,上海交易所,,
500,20181111,2018-11-11 17:26:00,2018年债券违约最全跟踪（18年11月11日更新）,债市研究,,
501,20181109,2018-11-09 02:34:00,10公司年报预亏超10亿 中兴通讯成“预亏王”,投资快报,,
502,20181109,2018-11-09 17:38:16,中诚信国际关于关注上海华信国际集团有限公司2015年度第一期中期票据未按期足额偿付本息等事宜的公告,中国货币网,,
503,20181108,2018-11-08 16:10:50,国开证券股份有限公司关于上海华信公开发行公司债券临时受托管理事务报告,上海交易所,,
504,20181106,2018-11-06 17:52:47,联合资信评估有限公司关于上海华信国际集团有限公司2015年度第一期中期票据未按期足额偿付本息的关注公告,中国货币网,,
505,20181106,2018-11-06 12:04:00,华信证券退出鹏丰投资 遭奇点金服申请冻结1.6亿元,新京报网,,
506,20181105,2018-11-05 17:12:20,上海华信国际集团有限公司2015年度第一期中期票据未按期足额偿付本息的公告,中国货币网,,
507,20181105,2018-11-05 18:38:00,上海华信：“15沪华信MTN001”违约,中证网,,
508,20181105,2018-11-05 18:01:01,国家开发银行关于上海华信国际集团有限公司2015年度第一期中期票据未按期足额偿付本息的公告,中国货币网,,
509,20181105,2018-11-05 17:21:00,"上海华信国际集团""15沪华信MTN001""构成实质性违约",新浪财经,,
510,20181105,2018-11-05 00:00:00,"关于未收到""15沪华信MTN001""付息兑付资金的通知(清算所发〔2018〕186号",上海清算所,,
511,20181102,2018-11-02 17:33:15,主承销商关于上海华信国际集团有限公司2017年度第三期超短期融资券违约后续进展情况公告(2018年10月),中国货币网,,
512,20181102,2018-11-02 17:39:14,主承销商关于上海华信国际集团有限公司2017年度第五期超短期融资券违约后续进展情况公告(2018年10月),中国货币网,,
513,20181102,2018-11-02 13:42:51,15华信债（136093）13时42分发生一笔价格异动,财汇AI数据研究院,,
514,20181101,2018-11-01 16:06:11,国开证券股份有限公司关于上海华信公开发行公司债券临时受托管理事务报告,上海交易所,,
515,20181101,2018-11-01 17:42:53,上海华信国际集团有限公司2015年度第一期中期票据第三次持有人会议决议公告,中国货币网,,
516,20181031,2018-10-31 18:46:58,主承销商关于上海华信国际集团有限公司2017年度第四期超短期融资券违约后续进展的公告(2018年10月),中国货币网,,
517,20181031,2018-10-31 21:03:04,中国邮政储蓄银行股份有限公司和中国国际金融股份有限公司关于上海华信国际集团有限公司司2017年度第二期中期票据违约后续进展公告,中国货币网,,
518,20181030,2018-10-30 17:36:31,中国建设银行股份有限公司关于上海华信国际集团有限公司2017年度第二期超短期融资券违约后续进展公告(2018年10月),中国货币网,,
519,20181030,2018-10-30 09:22:44,关于召开上海华信国际集团有限公司2015年公司债券2018年第二次债券持有人会议的通知,上海交易所,,
520,20181029,2018-10-29 11:25:00,曾经风光上市，如今连壳难保，谁又将步中弘股份后尘？,今日头条,,
521,20181029,2018-10-29 09:18:41,央行等部门释放化解民企融资困境举措 盛运环保仍然手握“烫手山芋”,北极星电力网,,
522,20181029,2018-10-29 18:21:00,上海华信：“15沪华信MTN001”兑付本息存在不确定性,新浪财经,,
523,20181026,2018-10-26 09:27:57,中信建投证券股份有限公司关于召开“17华信Y2”2018年第三次债券持有人会议的通知,上海交易所,,
524,20181025,2018-10-25 00:07:00,问题缠身 ST锐电等三股存“破面”风险,北京商报,,
525,20181025,2018-10-25 07:37:43,谁是下一个中弘股份？这些仙股很危险,杭州网,,
526,20181025,2018-10-25 22:14:00,基本面“劣迹斑斑” 5只“仙股”濒临退市边缘,大众证券报,,
527,20181025,2018-10-25 18:10:59,上海华信国际集团有限公司2015年公司债券临时受托管理事务报告-诉讼及母公司董事局主席涉及刑事案件,上海交易所,,
528,20181024,2018-10-24 15:15:45,关于召开上海华信国际集团有限公司2017年度第一期中期票据2018年度第五次持有人会议的公告,中国货币网,,
529,20181024,2018-10-24 15:14:38,关于召开上海华信国际集团有限公司2017年度第二期中期票据2018年度第四次持有人会议的公告,中国货币网,,
530,20181023,2018-10-23 10:57:07,2018年前三季度债券市场违约概况,金融界,,
531,20181023,2018-10-23 10:13:22,上海华信国际集团有限公司关于近期诉讼事项的公告,上海交易所,,
532,20181023,2018-10-23 04:38:00,上市券商净利扎堆大跌 国盛金控亏2.5亿,时代周报,,
533,20181023,2018-10-23 21:12:00,谁是下一个中弘股份？ST锐电刚“上岸”又跌破1元，这些股票也在退市河边转,e公司官微,,
534,20181022,2018-10-22 12:57:00,王三运家族腐败网：其子侄生意多涉及兰州新区基建、房产项目,搜狐网,,
535,20181022,2018-10-22 18:37:00,*ST华信：控股股东正在筹划重大事项 拟与公司进行资产置换,云财经,,
536,20181020,2018-10-20 10:46:00,独家：收受华信金条与华信实施虚假贸易融资 日照港集团高管被捕获刑 山东一步集团卷入,新京报网,,
537,20181020,2018-10-20 13:29:00,*ST华信危机重重从23元跌到1元 会成为第二个中弘吗?,新浪财经,,
538,20181020,2018-10-20 06:04:00,股价从23元跌到1元，这家公司会成为第二个中弘吗？,上海证券报,,
539,20181019,2018-10-19 17:26:00,这三家能源公司有救了？,新浪财经,,
540,20181018,2018-10-18 13:08:00,证监局三出ABS罚单！ABS监管持续升级！,新浪微博,,
541,20181016,2018-10-16 22:54:00,资产千亿的川煤集团还不起3.5亿债务，风雨飘摇的中国煤企,和讯网,,
542,20181015,2018-10-15 17:06:38,上海华信国际集团有限公司2015年度第一期中期票据第三次持有人会议的公告,上海清算所,,
543,20181014,2018-10-14 21:56:00,华信系又出大消息！10日内华信系要向中行归还1.8亿，38套房产218个车位或遭变卖,券商中国,,
544,20181014,2018-10-14 15:43:00,独家：中国银行起诉华信系胜诉、获判立即偿还1.8亿贷款 此前华信遭金融机构密集起诉后陷管辖权博弈,新京报网,,
545,20181013,2018-10-13 11:45:00,揭向王三运行贿的叶简明：今年第二次卷入被调查消息,新浪财经,揭向王三运行贿的叶简明：今年第二次卷入被调查消息,高管风险
546,20181012,2018-10-12 09:55:00,央视：华信董事局主席叶简明被指行贿王三运  和原国家开发银行胡怀邦有关联,新浪微博,叶简明被指行贿王三运,高管风险
547,20181012,2018-10-12 15:14:30,中国华信能源叶简明行贿省委书记成实锤！,北极星电力网,中国华信能源叶简明行贿省委书记,高管风险
548,20181012,2018-10-12 11:10:00,还原神秘能源大佬叶简明与王三运之间的交易,网易,,
549,20181012,2018-10-12 09:16:00,又有省部级官员公开审理！24年受贿6685万，证据曝光！,券商中国,,
550,20181011,2018-10-11 21:29:00,叶简明被指行贿甘肃原省委书记王三运,新京报网,,
551,20181011,2018-10-11 22:34:00,王三运受审画面公布 这位董事长行贿证据被曝光,网易新闻,,
552,20181011,2018-10-11 22:15:00,半月前刚刚卸任 国开行原董事长胡怀邦被指涉甘肃原省委书记王三运受贿案,新京报网,,
553,20181011,2018-10-11 16:35:15,*ST华信：控股股东新增轮候冻结,财汇资讯,*ST华信：控股股东新增轮候冻结,经营风险
554,20181008,2018-10-08 17:46:47,*ST华信：控股股东股份新增轮候冻结,财汇资讯,*ST华信：控股股东股份新增轮候冻结,经营风险
555,20180930,2018-09-30 10:56:59,中国邮政储蓄银行股份有限公司和中国国际金融股份有限公司关于上海华信国际集团有限公司2017年度第一期中期票据违约后续进展公告,上海清算所,,
556,20180930,2018-09-30 12:37:31,主承销商关于上海华信国际集团有限公司2017年度第五期超短期融资券违约后续进展情况公告（2018年9月）,上海清算所,,
557,20180930,2018-09-30 12:37:12,主承销商关于上海华信国际集团有限公司2017年度第三期超短期融资券违约后续进展情况公告（2018年9月）,上海清算所,,
558,20180929,2018-09-29 17:02:53,主承销商关于上海华信国际集团有限公司2017年度第四期超短期融资券违约后续进展的公告(2018年9月),上海清算所,,
559,20180929,2018-09-29 19:56:00,联合资信：又一个大公国际？,财经国家周刊,,
560,20180929,2018-09-29 15:24:20,中国建设银行股份有限公司关于上海华信国际集团有限公司2017年度第二期超短期融资券违约后续进展公告(2018年9月),上海清算所,,
561,20180929,2018-09-29 09:36:00,浙江女首富陷债务风波：新光集团30亿债券违约 附最新债券违约报表,中海私募基金,,
562,20180928,2018-09-28 05:20:00,凤凰金融凤溢盈再次出现逾期，系今年第三次逾期,新浪微博,,
563,20180928,2018-09-28 15:32:27,中诚信国际关于关注上海华信国际集团有限公司2017年度第二期中期票据未按期支付利息的公告,中国货币网,,
564,20180927,2018-09-27 07:32:14,债市雷连着响，违约刷新纪录,微信公众号,,
565,20180927,2018-09-27 18:57:00,首富变“首负”，可能只要一个兑付日,中国证券网,,
566,20180927,2018-09-27 17:28:14,上海华信国际集团有限公司2017年度第三期超短期融资券第四次持有人会议决议公告,中国货币网,,
567,20180927,2018-09-27 17:25:29,上海华信国际集团有限公司2017年度第五期超短期融资券第四次持有人会议决议公告,中国货币网,,
568,20180927,2018-09-27 16:37:14,联合资信评估有限公司关于上海华信国际集团有限公司2017年度第二期中期票据未按期支付利息的关注公告,中国债券信息网,,
569,20180926,2018-09-26 21:09:00,上海华信陷入“债股双困” 连续6笔违约累计近90亿元,中国经营网,,
570,20180926,2018-09-26 17:30:00,上海华信：“17沪华信MTN002”未按期支付利息,财汇资讯,,
571,20180926,2018-09-26 17:35:25,上海华信国际集团有限公司2017年度第二期中期票据未按期支付利息的公告,中国货币网,,
572,20180926,2018-09-26 06:32:00,三季度债券违约数超上半年 避险意识增强有利市场出清,上海证券报,,
573,20180926,2018-09-26 06:06:00,买债券要瞪大眼睛！违约数上升，还有的一天暴跌逾80%,上海证券报,,
574,20180921,2018-09-21 13:50:43,15华信债（136093）13时50分发生一笔价格异动,财汇AI数据研究院,15华信债（136093）13时50分发生一笔价格异动,市场风险
575,20180919,2018-09-19 10:35:53,关于上海华信国际集团有限公司公司债券的临时受托管理事务报告,上海交易所,,
576,20180919,2018-09-19 17:26:35,关于上海华信国际集团有限公司2017年度第一期中期票据2018年度第四次持有人会议决议的公告,中国货币网,,
577,20180917,2018-09-17 12:03:50,关于上海华信国际集团有限公司公司债券的临时受托管理事务报告,上海交易所,,
578,20180917,2018-09-17 18:15:45,国开证券股份有限公司关于上海华信国际集团有限公司2015年公司债券临时受托管理事务报告0917,上海交易所,,
579,20180917,2018-09-17 17:05:41,上海华信国际集团有限公司关于近期诉讼事项的公告,中国货币网,,
580,20180915,2018-09-15 05:45:00,中原银行5.74亿H股转让  中国华信加速资产剥离,新浪微博,,
581,20180913,2018-09-13 18:12:50,上海华信国际集团有限公司关于“16申信01”公司债违约公告,上海交易所,,
582,20180913,2018-09-13 21:31:00,上海华信60亿公司债违约 称叶简明等事件导致公司经营受重大影响,新京报网,上海华信60亿公司债违约 称叶简明等事件导致公司经营受重大影响,信用风险、经营风险
583,20180913,2018-09-13 19:47:00,上海华信国际集团：“16申信01”公司债违约,财汇资讯,,
584,20180913,2018-09-13 02:13:00,今年已有59只债券出现违约 周期性行业成重灾区,重庆商报,,
585,20180913,2018-09-13 21:06:00,年内52只债券违约 投资者应优选中高等级债,中证网,,
586,20180911,2018-09-11 17:32:00,上海华信25亿中期票据付息存在不确定性,新京报网,,
587,20180911,2018-09-11 16:54:00,上海华信国际集团有限公司2017年度第二期中期票据付息存在不确定性,新浪财经,,
588,20180910,2018-09-10 09:46:38,关于上海华信国际集团有限公司公司债券的临时受托管理事务报告,上海交易所,,
589,20180910,2018-09-10 10:12:50,关于上海华信国际集团有限公司公司债券的临时受托管理事务报告-16申信01,上海交易所,,
590,20180908,2018-09-08 06:08:00,东莞证券净利下跌八成 锦龙股份中报业绩“变脸”,新浪网,,
591,20180906,2018-09-06 16:05:11,关于召开上海华信国际集团有限公司2017年度第三期超短期融资券第四次持有人会议的公告,上海清算所,,
592,20180906,2018-09-06 16:07:35,关于召开上海华信国际集团有限公司2017年度第五期超短期融资券第四次持有人会议的公告,上海清算所,,
593,20180905,2018-09-05 12:18:21,关于上海华信国际集团有限公司公司债券的临时受托管理事务报告,上海交易所,,
594,20180904,2018-09-04 17:48:00,【中证评级】全市场公募信用债违约统计月报—2018年8月,中证评级,,
595,20180831,2018-08-31 17:18:34,主承销商关于上海华信国际集团有限公司2017年度第四期超短期融资券违约后续进展的公告(2018年8月),中国货币网,,
596,20180831,2018-08-31 15:57:19,中国邮政储蓄银行股份有限公司和中国国际金融股份有限公司关于上海华信国际集团有限公司2017年度第一期中期票据违约后续进展公告,中国货币网,,
597,20180830,2018-08-30 14:23:14,上海华信国际集团有限公司2017年度第二期超短期融资券违约后续进展公告(2018年8月),中国货币网,,
598,20180830,2018-08-30 16:26:06,主承销商关于上海华信国际集团有限公司2017年度第三期超短期融资券违约后续进展情况的公告,中国货币网,,
599,20180830,2018-08-30 18:03:08,关于召开上海华信国际集团有限公司“17沪华信MTN001”2018年度第四次持有人会议的公告,中国货币网,,
600,20180830,2018-08-30 19:13:15,上海华信国际集团有限公司2017年度第四期超短期融资券第三次持有人会议决议的公告,中国货币网,,
601,20180830,2018-08-30 15:32:00,中信集团有意收购中国华信捷克资产,界面新闻,,
602,20180829,2018-08-29 00:00:00,中信建投证券股份有限公司关于上海华信国际集团有限公司2017年公开发行可续期公司债券（第一期）2018年第三次债券持有人会议决议公告,上海交易所,,
603,20180828,2018-08-28 17:00:40,中信建投证券股份有限公司关于上海华信国际集团有限公司2017年公开发行可续期公司债券（第二期）2018年第二次债券持有人会议决议公告,上海交易所,,
604,20180828,2018-08-28 17:27:00,南京证券这半年，业绩双降，踩雷华信，但这项业务却让人眼前一亮,百家号,,
605,20180828,2018-08-28 14:57:00,东莞证券踩雷，拖累锦龙股份上半年业绩，亏损最高为5321万元,南方都市报,,
606,20180828,2018-08-28 17:12:37,*ST华信：控股股东股份被悉数冻结,财汇资讯,,
607,20180827,2018-08-27 18:45:35,国开证券股份有限公司关于上海华信国际集团有限公司2015年公司债券临时受托管理事务报告0827,上海交易所,,
608,20180824,2018-08-24 22:21:00,年报涉嫌虚假记载被证监会立案调查 *ST华信怎么凉的,新浪财经,,
609,20180823,2018-08-23 14:53:50,中诚信国际关于关注上海华信国际集团有限公司2017年度第五期超短期融资券未按期足额偿付债务融资工具本息的公告,中国货币网,,
610,20180821,2018-08-21 15:44:50,关于上海华信国际集团有限公司2018年1-7月关联方资金占用累计新增超上年末净资产20%的公告,上海交易所,,
611,20180821,2018-08-21 15:51:08,联合资信评估有限公司关于上海华信国际集团有限公司2017年度第五期超短期融资券未按期足额偿付债务融资工具本息的关注公告,中国货币网,,
612,20180821,2018-08-21 18:02:06,上海华信国际集团有限公司关于近期诉讼事项的公告,上海交易所,,
613,20180821,2018-08-21 17:42:00,国有资产经营公司是什么？,搜狐财经,,
614,20180820,2018-08-20 06:24:59,国开证券股份有限公司关于上海华信公开发行公司债券临时受托管理事务报告,上海交易所,,
615,20180820,2018-08-20 17:35:15,上海华信国际集团有限公司2017年度第五期超短期融资券未按期足额偿付债务融资工具本息的公告,上海清算所,,
616,20180820,2018-08-20 17:13:00,上海华信21亿元超短融未按期足额偿付本息 可能6个月后兑付,新浪财经,,
617,20180820,2018-08-20 17:57:17,主承销商关于上海华信国际集团有限公司2017年度第五期超短期融资券未按期足额偿付债务融资工具本息的公告,上海清算所,,
618,20180818,2018-08-18 04:09:00,拷问评级业,经济观察报,,
619,20180817,2018-08-17 18:28:08,关于上海华信国际集团有限公司公司债券的临时受托管理事务报告,上海交易所,,
620,20180817,2018-08-17 19:40:57,关于上海华信国际集团有限公司2018年1-7月关联方资金占用累计新增超上年末净资产的百分之二十的公告,上海交易所,,
621,20180817,2018-08-17 17:56:37,上海华信国际集团有限公司关于控股上市子公司计提2018年度半年报减值准备的公告,上海交易所,,
622,20180817,2018-08-17 18:26:44,上海华信国际集团有限公司关于控股上市子公司股份新增轮候冻结的公告,上海交易所,,
623,20180817,2018-08-17 18:04:10,关于上海华信国际集团有限公司2018年1-7月关联方资金占用累计新增超上年末净资产的百分之二十的公告,上海交易所,,
624,20180817,2018-08-17 18:00:55,上海华信国际集团有限公司关于近期诉讼事项的公告0816,上海交易所,,
625,20180817,2018-08-17 18:27:19,上海华信国际集团有限公司关于控股上市子公司全资子公司诉讼事项的进展公告,上海交易所,,
626,20180815,2018-08-15 07:56:00,上海华信国际集团所发行的四个债券违约,格隆汇,,
627,20180814,2018-08-14 00:00:00,国开证券股份有限公司关于上海华信公开发行公司债券临时受托管理事务报告0810,上海交易所,,
628,20180813,2018-08-13 17:32:00,上海华信超短期融资券兑付存较大不确定性,财联社,,
629,20180810,2018-08-10 19:22:00,2018年7月债市共发生7起债券违约事件,金融界,,
630,20180810,2018-08-10 16:43:59,关于召开上海华信国际集团有限公司2017年度第四期超短期融资券第三次持有人会议的公告,中国货币网,,
631,20180809,2018-08-09 15:44:03,中信建投证券股份有限公司关于召开“17华信Y2”2018年第二次债券持有人会议的通知,上海交易所,,
632,20180809,2018-08-09 16:00:34,中信建投证券股份有限公司关于召开“17华信Y1”2018年第三次债券持有人会议的通知,上海交易所,,
633,20180809,2018-08-09 18:02:14,关于上海华信国际集团有限公司“17沪华信MTN001”及“17沪华信MTN002”2018年度第三次持有人会议决议的公告,中国货币网,,
634,20180808,2018-08-08 18:30:24,关于上海华信国际集团有限公司“17沪华信MTN002”2018年度第三次持有人会议决议的公告,中国货币网,,
635,20180807,2018-08-07 05:09:21,拿下史上最低评级 华信证券或更换大股东,金融界,,
636,20180807,2018-08-07 16:06:39,关于上海华信国际集团有限公司公司债券的临时受托管理事务报告,上海交易所,,
637,20180806,2018-08-06 02:53:00,华信证券成史上唯一D类券商 会计师事务所拒绝就年报发表意见,投资者报,,
638,20180803,2018-08-03 14:06:51,中诚信国际关于关注上海华信国际集团有限公司2017年度第四期超短期融资券未按期足额偿付本息的公告,中国货币网,,
639,20180803,2018-08-03 16:40:31,浙商金惠瑞盈1号集合资产管理计划诉讼风险,财汇资讯,,
640,20180802,2018-08-02 18:09:33,国开证券股份有限公司关于上海华信公开发行公司债券临时受托管理事务报告0801,上海交易所,,
641,20180802,2018-08-02 00:00:00,"联合评级调低“德邦-华信应收账款第一期资产支持专项计划优先级资产支持证券”的债项评级,从B调低为CC",大智慧财汇数据整理,,
642,20180801,2018-08-01 16:50:36,主承销商关于上海华信国际集团有限公司2017年度第四期超短期融资券未按期足额偿付本息的公告,中国货币网,,
643,20180801,2018-08-01 17:01:00,【中证评级】全市场公募信用债违约统计月报—2018年7月,中证评级,,
644,20180801,2018-08-01 13:49:01,前7月债券违约金额超300亿 涉16家公司中民企占比68%,新浪财经,,
645,20180801,2018-08-01 13:55:41,关于上海华信国际集团有限公司公司债券的临时受托管理事务报告,上海交易所,,
646,20180801,2018-08-01 00:19:00,7月份违约债券再添丁 6只新增债券涉余额68.26亿,金融界,,
647,20180731,2018-07-31 00:06:00,今年31起债券违约涉金额超300亿 低等级债券收益率高企 遭投资者“冷眼”,搜狐财经,,
648,20180731,2018-07-31 14:37:00,连信托也拒绝的天马轴承 30亿私募中瑞基金踩雷,新浪网,,
649,20180731,2018-07-31 16:24:25,联合资信评估有限公司关于上海华信国际集团有限公司2017年度第四期超短期融资券未按期足额偿付本息的关注公告,中国货币网,,
650,20180730,2018-07-30 17:41:00,华融信托诉上海华信进入执行阶段 涉案金额2.95亿,中国经营网,华融信托诉上海华信进入执行阶段 涉案金额2.95亿,法律风险
651,20180730,2018-07-30 17:13:05,联合资信评估有限公司关于推迟出具上海华信国际集团有限公司2018年跟踪评级报告的公告,中国债券信息网,,
652,20180730,2018-07-30 17:19:17,上海华信国际集团有限公司2017年度第四期超短期融资券未按期足额偿付本息的公告,中国货币网,,
653,20180730,2018-07-30 17:12:00,上海华信国际集团2017年度第四期超短期融资券未按期足额偿付本息,财联社,,
654,20180730,2018-07-30 16:39:35,关于上海华信国际集团有限公司2017年度第一期中期票据违约后续进展公告,中国货币网,,
655,20180730,2018-07-30 06:33:58,国开证券股份有限公司关于上海华信公开发行公司债券临时受托管理事务报告0727,上海交易所,,
656,20180730,2018-07-30 16:39:57,中国建设银行股份有限公司关于上海华信国际集团有限公司2017年度第二期超短期融资券违约后续进展公告(2018年7月),上海清算所,,
657,20180729,2018-07-29 21:07:00,拿下券商史上最低评级，还不算！华信证券大股东可能还要换一换！,火山财富,,
658,20180728,2018-07-28 04:09:00,4200万债券利息仍未付中融双创信用被降至“CCC”,经济观察报,,
659,20180727,2018-07-27 21:18:46,关于上海华信国际集团有限公司公司债券的临时受托管理事务报告,上海交易所,,
660,20180726,2018-07-26 17:54:37,上海华信国际集团有限公司2017年度第三期超短期融资券第三次持有人会议决议公告,中国货币网,,
661,20180726,2018-07-26 17:49:45,上海华信国际集团有限公司2017年度第五期超短期融资券第三次持有人会议决议公告,上海清算所,,
662,20180725,2018-07-25 17:49:21,中诚信国际关于延迟披露上海华信国际集团有限公司2018年度跟踪评级报告的公告,上海清算所,,
663,20180725,2018-07-25 04:24:00,两债券拉响违约预警 7月份违约债券或达6只,证券日报,,
664,20180725,2018-07-25 11:20:42,16申信01（136698）11时20分发生一笔价格异动,财汇AI数据研究院,,
665,20180724,2018-07-24 18:28:28,上海华信国际集团有限公司关于近期诉讼事项的公告,上海交易所,,
666,20180724,2018-07-24 14:32:47,主承销商关于上海华信国际集团有限公司2017年度第三期超短期融资券违约后续处置进展情况的公告(2018年7月),中国货币网,,
667,20180723,2018-07-23 18:53:45,上海华信国际集团有限公司关于控股上市子公司全资子公司诉讼事项进展的公告,上海清算所,,
668,20180723,2018-07-23 18:54:20,上海华信国际集团有限公司关于控股上市子公司股份新增轮候冻结的公告,中国货币网,,
669,20180721,2018-07-21 06:49:00,多家公司披露控股股东持股被冻结,上海证券报,,
670,20180720,2018-07-20 00:38:00,债权策略私募频频踩雷，最差产品半年巨亏78.51%,和讯网,,
671,20180719,2018-07-19 18:37:13,中信建投证券股份有限公司关于上海华信国际集团有限公司2017年公开发行可续期公司债券（第一期）2018年第二次债券持有人会议决议公告,上海交易所,,
672,20180719,2018-07-19 18:36:24,中信建投证券股份有限公司关于上海华信国际集团有限公司2016年公开发行公司债券（第一期）2018年第二次债券持有人会议决议公告,上海交易所,,
673,20180719,2018-07-19 14:09:32,关于召开上海华信国际集团有限公司“17沪华信MTN001”及“17沪华信MTN002”2018年度第三次持有人会议的公告,上海清算所,,
674,20180718,2018-07-18 19:04:21,国开证券股份有限公司关于上海华信公开发行公司债券临时受托管理事务报告0718,上海交易所,,
675,20180717,2018-07-17 18:43:46,关于上海华信国际集团有限公司公司债券的临时受托管理事务报告,上海交易所,,
676,20180717,2018-07-17 12:52:00,「独家」长江资管祥瑞2号“踩雷”华信债 浦发银行托管、代销,经济观察报,,
677,20180716,2018-07-16 09:12:00,为什么行业改善，债券还违约了？,搜狐财经,,
678,20180716,2018-07-16 22:10:41,旗下3只债券闪崩，让中融新大成债市最焦点，6月来28家公司下调信用评级,券商中国,,
679,20180712,2018-07-12 13:35:00,6474元就能把AAA债打趴？这家公司3只债券接连闪崩，年内26起违约19只AA以上，高评级债究竟怎么了,券商中国,,
680,20180710,2018-07-10 13:58:00,AAA级公司债也闪崩，年内26起债券违约，涉及金额高达266亿,券商中国,,
681,20180709,2018-07-09 10:05:00,华信国际的这个夏天：高管们加速离场，游戏已进入GameOver阶段,雪球,,
682,20180705,2018-07-05 16:38:16,关于召开上海华信国际集团有限公司2017年度第五期超短期融资券第三次持有人会议的公告,中国货币网,,
683,20180705,2018-07-05 16:41:49,关于召开上海华信国际集团有限公司2017年度第三期超短期融资券第三次持有人会议的公告,北京金融资产交易所,,
684,20180705,2018-07-05 08:14:00,华融金控：已强制华信香港及华信上海履行9.765亿港元违约付款责任,华尔街交易员,,
685,20180704,2018-07-04 15:38:13,关于上海华信国际集团有限公司公司债券的临时受托管理事务报告,上海交易所,,
686,20180704,2018-07-04 16:18:35,【中证评级】全市场公募信用债违约统计月报—2018年6月,中证评级,,
687,20180704,2018-07-04 11:13:46,上海华信国际集团有限公司关于控股上市子公司股份新增轮候冻结的公告,中国货币网,,
688,20180704,2018-07-04 17:07:27,(2018-07-04)上海华信国际集团有限公司关于收到上海证券交易所对本公司出具的监管警示函,上海交易所,,
689,20180703,2018-07-03 18:04:08,上海华信国际集团有限公司“17沪华信MTN001”及“17沪华信MTN002”2018年度第二次持有人会议决议的公告,上海清算所,,
690,20180703,2018-07-03 18:04:45,中信建投证券股份有限公司关于召开“16申信01”2018年第二次债券持有人会议的通知,上海交易所,,
691,20180703,2018-07-03 18:05:36,中信建投证券股份有限公司关于召开“17华信Y1”2018年第二次债券持有人会议的通知,上海交易所,,
692,20180702,2018-07-02 10:13:00,交易商协会：6月债务融资工具无新增违约主体，仅有上海华信两期债项延续违约,华尔街见闻,,
693,20180702,2018-07-02 18:53:00,7月到期回售债券风险排查，这26家主体要特别小心！,债券小馆,,
694,20180630,2018-06-30 11:06:00,半年债市违约复盘：民企占64% AAA债首次违约,搜狐财经,,
695,20180628,2018-06-28 16:20:06,上海华信国际集团有限公司2017年度第四期超短期融资券第二次持有人会议决议的公告,上海清算所,,
696,20180628,2018-06-28 18:00:46,上海华信国际集团有限公司2015年度第一期中期票据第二次持有人会议决议公告,上海清算所,,
697,20180628,2018-06-28 15:06:50,国开证券股份有限公司关于上海华信公开发行公司债券临时受托管理事务报告,上海交易所,,
698,20180628,2018-06-28 10:11:12,15华信债（136093）10时11分发生一笔价格异动,财汇AI数据研究院,15华信债（136093）发生一笔价格异动,市场风险
699,20180627,2018-06-27 18:27:03,上海华信国际集团有限公司2017年度第三期超短期融资券第二次持有人会议决议公告,上海清算所,,
700,20180627,2018-06-27 16:55:35,中诚信国际关于关注上海华信国际集团有限公司2017年度第三期超短期融资券未按期足额偿付债务融资工具本息的公告,中国货币网,,
701,20180627,2018-06-27 16:56:31,关于上海华信国际集团有限公司公司债券的临时受托管理事务报告,上海交易所,,
702,20180627,2018-06-27 18:26:27,上海华信国际集团有限公司2017年度第五期超短期融资券第二次持有人会议决议公告,上海清算所,,
703,20180626,2018-06-26 17:24:43,联合资信评估有限公司关于上海华信国际集团有限公司2017年度第三期超短期融资券未按期足额偿付债务融资工具本息的关注公告,中国货币网,,
704,20180626,2018-06-26 15:46:30,上海华信国际集团有限公司关于控股上市子公司新增股权轮候冻结的公告,上海交易所,,
705,20180626,2018-06-26 15:18:25,中国建设银行股份有限公司关于上海华信国际集团有限公司2017年度第二期超短期融资券违约后续进展公告,中国货币网,,
706,20180625,2018-06-25 17:49:35,上海华信国际集团有限公司2017年度第三期超短期融资券未按期足额偿付债务融资工具本息的公告,上海清算所,,
707,20180625,2018-06-25 17:50:13,渤海银行股份有限公司关于上海华信国际集团有限公司2017年度第三期超短期融资券未按期足额偿付债务融资工具本息的公告,上海清算所,,
708,20180625,2018-06-25 18:28:03,上海华信国际集团有限公司2017年度第一期中期票据未按期足额付息的公告,上海清算所,,
709,20180622,2018-06-22 18:22:26,上海华信国际集团有限公司2017年度第一期中期票据跟踪评级2018-06-22,中诚信国际信用评级有限责任公司,,
710,20180622,2018-06-22 18:46:00,干货！中国债券违约大全「收藏版」,财汇资讯,,
711,20180622,2018-06-22 20:46:45,"中诚信国际调低“上海华信国际集团有限公司2017年度第一期中期票据”的债项评级,从CC调低为C",大智慧财汇数据整理,,
712,20180622,2018-06-22 20:46:17,"中诚信国际调低“上海华信国际集团有限公司”的长期债务评级,从CC调低为C",大智慧财汇数据整理,,
713,20180622,2018-06-22 18:59:40,*ST华信：控股股东9630万股股份新增轮候冻结,中证网,,
714,20180622,2018-06-22 17:35:00,中诚信下调上海华信国际集团主体信用等级至C,快兰斯,下调上海华信国际集团主体信用等级、C,信用风险
715,20180622,2018-06-22 17:38:00,中诚信下调上海华信国际集团主体信用评级至C，此前为CC,华尔街见闻,,
716,20180622,2018-06-22 17:40:45,上海华信25亿中票付息违约 公司称计划六个月后支付,新浪财经,上海华信25亿中票付息违约 ,信用风险
717,20180622,2018-06-22 06:21:00,17沪华信MTN001构成实质性违约,中国证券报,17沪华信MTN001构成实质性违约,信用风险
718,20180622,2018-06-22 17:50:36,关于上海华信国际集团有限公司公司债券的临时受托管理事务报告,上海交易所,,
719,20180621,2018-06-21 19:01:07,上海华信国际集团有限公司2017年度第一期中期票据未按期支付利息的公告,中国货币网,,
720,20180621,2018-06-21 20:13:00,上海华信违约再升级 25亿中期票据付息延后6个月,中国经营报,,
721,20180620,2018-06-20 14:10:00,上海华信国际集团25亿元中期票据6月21日付息存在不确定性,快兰斯,,
722,20180616,2018-06-16 10:23:00,上海华信20.88亿元“17沪华信SCP003”到期兑付存不确定性,和讯网,,
723,20180615,2018-06-15 17:38:00,上海华信国际“17沪华信SCP003’”到期兑付存在不确定性,华尔街见闻,,
724,20180615,2018-06-15 16:18:03,17沪华信MTN001（101788002）16时18分发生一笔价格异动,财汇AI数据研究院,,
725,20180613,2018-06-13 16:10:15,国开证券股份有限公司关于上海华信公开发行公司债券临时受托管理事务报告0612,上海交易所,,
726,20180612,2018-06-12 18:06:39,上海华信国际集团有限公司“17沪华信MTN001”及“17沪华信MTN002”2018年度第二次持有人会议公告,上海清算所,,
727,20180611,2018-06-11 19:09:27,上海华信国际集团有限公司关于控股上市子公司新增股权轮候冻结的公告,上海交易所,,
728,20180611,2018-06-11 11:33:28,(深互动)*ST华信：上海华信所持公司股份处于质押状态的占其所持公司总股数62.74%,深交所互动易,上海华信所持公司股份处于质押状态的占其所持公司总股数62.74%,市场风险
729,20180611,2018-06-11 17:10:17,上海华信国际集团有限公司2017年度第二期超短期融资券第二次持有人会议决议公告,中国货币网,,
730,20180609,2018-06-09 14:17:59,华信新建总部项目已被上海国盛接手 并更名,网易财经,,
731,20180608,2018-06-08 10:51:41,*ST华信：控股股东股份新增轮候冻结,千龙网,,
732,20180608,2018-06-08 16:22:11,关于召开上海华信国际集团有限公司2015年度第一期中期票据第二次持有人会议的公告,中国货币网,,
733,20180607,2018-06-07 16:29:15,关于召开上海华信国际集团有限公司2017年度第四期超短期融资券第二次持有人会议的公告,中国货币网,,
734,20180607,2018-06-07 09:52:58,国开证券股份有限公司关于上海华信公开发行公司债券临时受托管理事务报告0606,上海交易所,,
735,20180607,2018-06-07 18:19:18,*ST华信：控股股东股份新增轮候冻结,财汇资讯,*ST华信：控股股东股份新增轮候冻结,信用风险
736,20180606,2018-06-06 16:55:08,关于召开上海华信国际集团有限公司2017年度第二期超短期融资券第二次持有人会议公告的补充说明,中国货币网,,
737,20180606,2018-06-06 17:09:58,关于召开上海华信国际集团有限公司2017年度第三期超短期融资券第二次持有人会议公告,中国货币网,,
738,20180606,2018-06-06 17:22:49,关于召开上海华信国际集团有限公司2017年度第五期超短期融资券第二次持有人会议的公告,中国货币网,,
739,20180605,2018-06-05 17:16:25,上海华信国际集团有限公司关于控股上市子公司债务逾期的公告,上海交易所,,
740,20180605,2018-06-05 17:18:28,关于上海华信国际集团有限公司公司债券的临时受托管理事务报告,上海交易所,,
741,20180605,2018-06-05 15:37:06,【中证评级】全市场公募信用债违约统计月报—2018年5月,中证评级,,
742,20180605,2018-06-05 19:41:11,上海华信国际集团有限公司关于控股上市子公司债务逾期的公告,上海交易所,上海华信国际集团有限公司控股上市子公司债务逾期,信用风险、子公司风险
743,20180604,2018-06-04 09:30:00,警惕企业债券违约 民营上市公司成新增违约主体,中国经济周刊,,
744,20180604,2018-06-04 19:55:00,华信国际：目前公司及下属控股子公司累计逾期债务合计金额3.7亿元,新浪网,华信国际公司及下属控股子公司累计逾期债务合计金额3.7亿元,信用风险，子公司风险
745,20180602,2018-06-02 08:00:00,上市公司违约逾110亿 银行清查进行时,新浪网,,
